customer_id,segment
1,1
2,0
4,1
5,1
6,3
7,0
8,0
9,0
10,2
11,2
12,1
13,2
14,1
15,3
16,1
17,3
19,2
20,2
21,1
22,1
23,3
24,1
25,0
26,2
27,1
28,0
29,0
30,0
31,0
32,1
33,2
34,3
35,1
36,1
37,1
38,1
39,2
40,1
41,1
42,3
43,3
44,0
45,3
46,1
47,1
48,2
49,2
50,1
51,2
52,2
54,0
55,0
56,2
57,0
58,2
59,3
60,1
61,2
62,1
63,3
64,1
65,0
66,3
67,2
68,3
69,2
70,2
71,0
72,3
73,0
74,1
75,1
76,0
77,2
78,0
79,1
80,3
81,0
82,2
83,2
84,3
85,2
86,0
87,3
88,0
89,3
90,0
91,1
92,1
93,1
94,0
95,3
96,0
97,3
98,0
99,1
100,1
101,1
102,0
103,2
104,3
105,2
107,2
108,1
109,2
110,2
111,3
112,1
113,3
114,1
115,3
116,3
117,0
118,2
119,0
120,1
121,3
122,2
123,2
124,0
126,3
127,0
129,1
130,2
131,1
133,3
134,1
135,3
136,1
137,0
138,2
139,3
140,3
141,1
142,2
143,1
144,1
145,2
146,1
147,0
148,3
149,3
150,2
151,2
152,2
153,0
154,3
155,2
156,0
157,2
158,3
160,1
161,0
162,1
163,2
165,1
166,1
167,1
168,0
170,3
171,2
172,0
173,1
174,0
176,2
177,1
178,2
179,1
180,0
181,1
182,3
183,2
185,1
186,2
188,1
189,0
191,1
192,2
193,2
194,0
195,3
196,2
197,1
198,1
199,1
200,1
201,2
202,1
203,2
204,2
205,1
206,2
207,2
208,2
209,2
210,2
211,1
212,1
213,1
214,1
216,3
217,0
218,2
219,0
220,2
221,3
222,1
223,2
225,3
226,1
228,1
230,0
231,1
232,3
233,1
234,2
235,1
236,2
237,1
238,1
239,3
240,1
242,1
243,0
244,1
245,2
247,1
248,1
249,0
250,1
252,2
253,2
254,2
255,1
256,2
257,0
258,3
259,1
260,2
261,1
262,1
263,1
264,3
265,0
266,2
267,0
268,2
269,1
270,2
271,2
272,2
273,1
274,1
275,1
276,2
277,0
278,1
279,1
280,1
281,1
282,1
283,2
284,1
285,0
286,0
287,1
288,1
289,1
290,1
291,1
292,2
293,1
294,0
295,1
296,1
297,2
298,2
300,0
301,0
302,3
303,1
304,1
305,1
306,3
307,0
308,1
309,1
310,2
311,2
312,1
313,1
314,2
315,3
316,3
318,0
319,1
320,1
321,1
322,1
323,1
324,0
325,2
326,0
327,1
328,0
329,2
330,2
331,0
332,0
333,1
334,1
335,1
336,2
337,0
338,2
339,1
340,1
342,0
343,1
344,1
345,3
346,3
347,2
348,0
349,1
350,2
351,1
352,0
353,1
354,0
355,0
356,3
357,3
358,2
359,0
360,2
361,2
362,1
363,3
364,2
365,3
366,3
367,2
368,1
369,2
370,2
371,1
373,1
374,2
375,2
376,3
377,1
378,0
379,2
380,0
381,0
382,1
383,3
385,0
386,1
387,2
388,2
389,2
390,1
391,1
392,3
393,1
394,2
395,0
396,2
397,1
398,0
399,1
400,1
402,2
403,1
404,0
405,2
406,1
407,0
409,0
410,1
411,0
412,0
413,1
414,2
415,3
416,2
417,1
418,2
419,2
420,3
421,2
422,1
423,2
424,2
425,2
426,1
427,2
429,2
430,1
431,0
432,0
433,2
434,1
435,1
436,1
437,0
438,0
439,0
440,1
441,1
442,1
443,0
444,0
445,1
446,2
447,2
448,2
449,0
450,3
451,2
452,2
453,1
454,1
455,2
456,0
457,0
458,1
459,1
460,1
461,1
462,1
463,2
464,0
466,2
467,0
468,1
469,3
470,2
471,1
472,1
473,3
474,0
475,3
476,1
477,1
478,3
479,2
480,1
481,1
482,1
483,2
484,1
485,0
486,1
487,3
488,2
489,0
490,1
491,0
492,3
493,1
494,2
495,2
496,2
497,3
498,2
499,0
500,1
501,2
502,0
503,2
504,1
505,1
506,0
507,2
509,2
510,2
511,1
512,2
513,2
514,2
515,1
516,1
517,0
518,1
519,0
520,1
521,1
522,1
524,2
525,1
527,0
528,2
529,2
530,2
531,1
532,2
533,1
535,1
537,0
538,3
539,3
540,2
541,0
542,1
543,3
544,1
545,3
546,1
547,1
548,2
549,1
550,1
551,2
553,2
554,1
555,2
556,3
557,2
558,0
559,1
560,1
561,1
562,2
563,1
564,2
565,2
566,1
567,1
568,1
569,1
570,2
571,0
572,0
573,2
574,1
575,1
576,3
577,1
578,1
579,1
580,0
581,3
582,3
583,2
585,3
586,0
587,1
588,2
589,2
590,1
591,1
592,2
593,1
594,2
595,2
596,1
597,2
598,1
600,1
601,1
602,2
603,2
604,0
605,0
606,3
607,0
608,1
609,3
610,3
611,1
612,1
613,1
614,2
615,1
616,2
617,0
618,1
619,1
620,1
621,1
622,1
624,0
625,2
626,2
627,3
628,0
629,3
630,2
632,3
633,1
634,1
635,2
636,1
637,3
638,2
639,2
640,2
641,1
642,1
643,1
644,2
645,1
647,1
648,2
649,0
650,3
651,0
652,2
653,1
654,1
655,1
656,0
657,1
658,1
659,2
660,2
661,1
662,1
663,1
664,2
665,2
666,2
667,2
668,3
669,3
670,3
671,0
672,1
673,1
674,2
675,3
676,3
677,1
678,2
680,1
681,3
682,1
683,1
684,2
685,1
686,2
687,2
688,1
689,0
690,3
691,1
692,2
693,3
694,1
695,1
696,1
697,1
698,1
700,0
701,2
702,3
703,0
704,1
705,2
706,1
707,1
708,0
709,1
710,1
711,3
713,0
714,2
715,1
716,1
717,1
718,3
719,1
720,1
721,1
722,1
723,3
726,2
728,3
729,1
730,1
731,3
732,1
733,0
734,2
735,2
736,1
737,1
738,1
739,3
740,1
741,2
742,3
743,1
744,0
745,3
746,0
747,3
748,0
749,0
750,2
751,0
752,0
753,1
754,1
755,1
756,1
757,1
758,0
759,1
760,2
761,3
762,1
763,1
764,1
765,3
766,1
767,3
768,3
770,1
771,2
773,1
774,3
775,1
776,2
777,3
778,1
779,1
780,2
781,1
782,2
783,2
784,0
785,1
786,2
787,1
788,0
789,2
790,0
791,3
793,3
794,1
795,1
796,1
797,1
798,1
799,1
800,1
801,1
802,2
803,2
804,1
805,3
806,2
807,1
808,0
809,1
810,2
811,1
812,1
813,3
814,1
816,0
817,3
818,1
819,2
820,1
821,1
822,1
823,2
824,1
825,3
826,3
827,1
828,3
829,0
830,3
831,1
832,1
833,1
834,2
835,0
836,0
837,1
838,1
840,1
841,2
842,1
843,3
844,3
845,1
846,1
847,1
848,0
849,0
850,3
851,1
852,1
853,0
854,1
855,1
856,2
857,2
858,1
859,1
860,3
862,1
863,3
864,1
865,3
866,2
867,1
868,0
869,0
870,2
871,2
872,3
873,1
874,0
875,1
876,2
877,3
878,2
879,1
880,2
881,0
882,2
883,3
884,0
885,3
886,3
888,0
889,2
890,0
891,3
892,1
893,1
895,1
896,0
898,1
899,0
900,0
901,1
902,1
903,0
904,3
906,0
907,0
908,1
910,2
911,1
912,2
913,2
914,3
915,2
916,1
917,3
918,1
919,1
920,1
921,3
922,1
923,2
924,1
926,1
927,1
929,0
930,3
931,1
932,1
933,2
934,1
935,3
936,1
937,1
938,1
939,1
940,2
941,3
942,2
943,1
944,2
945,1
946,2
947,1
948,1
949,3
950,1
951,1
952,3
953,1
954,2
955,2
956,1
958,1
959,0
960,1
961,2
962,1
963,2
964,3
965,1
966,1
967,2
968,0
969,2
970,0
971,1
972,1
973,1
974,2
975,1
976,1
977,2
978,1
979,1
980,3
981,1
982,1
983,2
984,1
985,1
986,2
989,2
990,2
991,1
992,1
993,2
994,1
995,1
996,0
997,2
998,2
1000,2
1001,3
1002,0
1003,0
1004,3
1005,2
1006,1
1007,3
1008,3
1009,2
1010,1
1011,0
1012,3
1013,1
1014,1
1015,2
1016,1
1017,3
1018,1
1019,0
1020,1
1021,2
1022,2
1023,1
1025,1
1026,1
1027,1
1028,3
1029,1
1030,0
1031,0
1032,1
1033,0
1034,1
1035,1
1036,2
1037,1
1038,2
1039,3
1040,0
1041,0
1042,0
1044,1
1045,2
1046,1
1047,2
1048,1
1049,1
1050,0
1051,3
1052,1
1053,2
1054,1
1055,2
1056,1
1057,1
1058,2
1059,2
1060,2
1061,1
1062,2
1063,3
1064,0
1065,0
1066,1
1067,1
1068,0
1069,3
1070,2
1071,0
1072,2
1074,3
1075,1
1076,3
1078,1
1079,2
1080,2
1081,2
1082,3
1083,1
1084,2
1085,2
1086,2
1087,2
1088,2
1089,1
1090,1
1092,1
1094,1
1095,3
1096,2
1097,1
1098,3
1099,0
1100,3
1101,3
1102,1
1103,3
1104,3
1105,1
1106,1
1107,1
1108,1
1109,1
1110,1
1111,0
1113,1
1114,2
1115,2
1116,2
1118,3
1119,1
1120,1
1121,3
1122,2
1123,3
1124,0
1125,1
1126,2
1127,1
1128,2
1129,0
1130,2
1131,0
1132,1
1133,2
1134,0
1135,1
1136,2
1137,0
1138,1
1139,1
1140,0
1141,1
1142,1
1143,0
1144,2
1145,2
1146,1
1148,3
1149,3
1150,1
1151,3
1152,1
1153,1
1154,1
1155,1
1156,0
1157,1
1158,3
1159,2
1160,0
1161,1
1162,2
1163,3
1164,0
1166,1
1167,0
1168,1
1169,3
1170,1
1171,1
1172,0
1173,3
1174,0
1175,3
1176,1
1177,1
1178,1
1179,2
1180,2
1181,1
1182,1
1183,1
1184,2
1185,2
1186,0
1187,0
1188,3
1189,0
1190,0
1191,1
1192,0
1193,1
1194,2
1195,1
1196,0
1197,3
1198,1
1199,0
1200,3
1202,0
1203,1
1204,2
1205,1
1206,2
1207,3
1208,3
1209,3
1210,3
1211,0
1212,2
1213,1
1214,3
1215,2
1216,2
1217,1
1218,1
1219,3
1220,1
1221,1
1222,3
1223,1
1224,2
1225,2
1226,3
1227,1
1228,2
1229,1
1230,2
1232,1
1233,3
1234,2
1235,1
1236,1
1237,3
1238,2
1239,2
1240,1
1241,2
1243,2
1244,1
1245,0
1246,0
1247,1
1248,3
1249,0
1250,0
1251,1
1252,1
1254,1
1255,1
1256,3
1257,2
1258,3
1261,1
1262,1
1263,2
1264,0
1265,2
1266,0
1267,0
1268,3
1269,0
1270,3
1271,1
1272,1
1273,3
1274,1
1275,2
1276,2
1277,1
1278,2
1279,0
1280,2
1281,1
1282,1
1283,1
1284,3
1285,2
1286,2
1287,1
1288,2
1289,0
1290,3
1291,1
1292,0
1293,2
1294,0
1295,1
1296,1
1298,2
1299,1
1300,1
1301,3
1302,3
1303,1
1304,1
1305,1
1306,0
1307,3
1308,2
1309,0
1310,3
1311,2
1312,2
1313,1
1314,0
1315,1
1316,2
1317,2
1318,1
1319,0
1320,0
1321,1
1322,2
1323,0
1324,0
1325,1
1326,1
1327,1
1328,1
1329,0
1330,3
1331,1
1333,1
1334,3
1335,3
1336,1
1337,2
1338,0
1339,2
1340,2
1341,0
1342,3
1343,2
1344,1
1345,1
1346,1
1347,2
1348,1
1349,1
1350,2
1352,1
1353,2
1354,0
1355,1
1356,1
1357,2
1358,2
1359,2
1360,0
1361,1
1362,1
1363,2
1364,1
1365,2
1366,1
1367,1
1369,1
1370,2
1371,1
1372,1
1373,1
1374,3
1375,1
1376,1
1377,0
1378,1
1379,0
1380,2
1381,0
1382,2
1383,1
1384,0
1385,2
1386,1
1387,1
1388,0
1389,0
1390,0
1391,0
1392,1
1394,1
1396,3
1397,1
1398,3
1399,0
1400,2
1401,0
1402,2
1403,1
1404,1
1405,0
1407,2
1408,3
1409,1
1410,0
1411,2
1412,1
1413,1
1414,2
1415,1
1416,3
1417,2
1418,1
1419,1
1420,1
1422,0
1424,1
1425,0
1426,3
1427,2
1428,0
1429,3
1430,1
1431,0
1432,3
1434,1
1435,1
1436,2
1437,3
1438,2
1439,3
1440,2
1441,2
1443,1
1444,1
1447,3
1448,1
1449,1
1450,2
1451,2
1452,1
1453,1
1455,1
1456,2
1457,1
1458,0
1459,0
1460,2
1461,2
1462,0
1463,2
1464,0
1465,1
1466,2
1467,1
1468,0
1469,3
1470,1
1471,2
1472,2
1473,2
1474,2
1475,1
1476,3
1477,1
1478,2
1479,2
1480,1
1481,3
1482,2
1484,1
1485,3
1486,0
1487,0
1488,2
1489,1
1490,0
1491,0
1492,2
1494,1
1495,2
1496,0
1497,1
1498,0
1499,3
1501,1
1502,1
1503,2
1504,3
1505,1
1506,1
1507,0
1508,2
1509,1
1510,0
1511,0
1514,1
1515,3
1516,2
1518,0
1519,1
1520,2
1521,2
1522,2
1523,2
1524,2
1525,2
1526,2
1527,0
1528,0
1530,1
1531,2
1532,1
1533,1
1534,3
1535,1
1536,1
1537,2
1538,2
1539,1
1540,2
1541,1
1542,2
1543,1
1544,1
1545,2
1546,1
1547,0
1549,0
1550,0
1551,3
1552,3
1553,0
1554,1
1555,1
1556,3
1558,1
1559,0
1560,1
1561,3
1562,2
1563,2
1565,1
1566,1
1567,0
1568,0
1569,0
1570,1
1571,3
1572,2
1573,0
1574,1
1575,0
1576,0
1577,2
1578,2
1579,1
1580,0
1581,0
1582,1
1583,3
1584,1
1585,0
1586,1
1587,3
1588,1
1589,1
1590,1
1592,2
1593,0
1594,0
1596,1
1597,1
1598,0
1599,2
1600,0
1601,1
1602,1
1603,0
1604,1
1605,2
1606,3
1607,1
1608,1
1609,0
1610,1
1611,1
1612,2
1613,0
1614,2
1615,0
1616,1
1617,2
1618,2
1619,0
1620,1
1621,2
1622,2
1623,3
1624,1
1626,1
1627,1
1628,1
1629,1
1630,1
1631,0
1632,1
1634,1
1635,1
1637,2
1638,2
1639,3
1640,3
1642,0
1643,3
1644,1
1645,2
1646,1
1647,1
1648,0
1649,1
1650,0
1651,3
1652,2
1653,2
1654,0
1655,1
1656,2
1658,1
1659,0
1660,0
1661,2
1662,1
1663,3
1664,1
1665,1
1666,3
1667,1
1668,1
1669,1
1670,2
1671,1
1672,1
1673,1
1674,0
1675,1
1676,1
1677,2
1678,1
1679,1
1680,2
1681,1
1682,3
1683,1
1684,0
1685,1
1686,0
1687,2
1688,1
1689,3
1690,1
1692,1
1693,2
1694,1
1696,0
1697,2
1698,2
1699,3
1700,1
1701,1
1702,1
1703,1
1704,1
1705,3
1706,1
1708,1
1709,3
1710,1
1712,1
1713,2
1714,3
1715,0
1716,0
1719,3
1720,2
1721,0
1722,1
1723,1
1725,2
1726,1
1727,2
1728,0
1729,3
1730,1
1731,0
1732,0
1733,0
1734,1
1735,0
1736,3
1737,1
1738,0
1739,0
1740,0
1741,2
1742,3
1744,0
1745,1
1746,2
1747,0
1748,1
1750,2
1751,2
1752,1
1753,1
1754,2
1755,1
1756,1
1758,1
1759,1
1760,2
1761,1
1762,0
1763,0
1765,3
1766,1
1767,3
1768,1
1769,2
1770,3
1771,3
1772,1
1773,1
1774,1
1775,1
1776,1
1777,1
1778,1
1779,3
1780,1
1781,1
1782,2
1783,1
1784,1
1785,0
1786,1
1787,0
1788,2
1789,1
1790,0
1791,1
1792,3
1793,1
1794,3
1795,2
1796,3
1797,2
1798,3
1799,2
1800,3
1801,2
1802,3
1803,1
1804,1
1805,1
1806,1
1807,3
1808,0
1809,2
1810,3
1811,0
1812,1
1814,0
1815,1
1816,0
1817,2
1818,2
1819,1
1820,1
1821,0
1824,1
1825,2
1826,0
1827,2
1828,2
1829,1
1830,0
1831,1
1832,1
1833,3
1834,1
1835,2
1836,2
1837,1
1838,1
1839,1
1840,1
1841,1
1842,2
1843,2
1844,2
1845,1
1846,0
1847,1
1848,2
1849,2
1850,2
1851,0
1852,1
1853,2
1854,1
1855,0
1856,2
1857,1
1858,2
1859,3
1861,3
1862,2
1863,3
1864,1
1865,2
1866,2
1867,3
1868,2
1869,1
1870,2
1871,2
1872,3
1873,1
1874,3
1875,1
1876,1
1877,0
1878,1
1879,2
1880,0
1881,2
1882,3
1884,0
1885,1
1886,1
1887,0
1888,1
1889,1
1890,0
1891,2
1893,1
1894,0
1895,0
1896,0
1897,2
1898,1
1899,1
1900,0
1901,2
1902,1
1903,2
1904,3
1905,1
1906,3
1907,1
1908,1
1909,2
1910,2
1911,1
1912,0
1913,2
1914,1
1915,2
1916,1
1917,1
1918,0
1920,2
1921,1
1922,1
1923,2
1924,2
1925,3
1926,0
1927,2
1928,2
1929,3
1930,0
1931,1
1932,0
1933,0
1934,1
1935,1
1936,1
1937,3
1938,1
1939,1
1940,3
1941,1
1942,3
1944,2
1945,0
1946,3
1947,3
1948,0
1949,1
1950,2
1951,1
1952,1
1954,2
1955,0
1956,2
1957,2
1958,1
1959,3
1960,0
1961,0
1962,3
1963,3
1964,0
1965,1
1967,3
1968,1
1969,3
1970,0
1971,0
1972,0
1973,1
1974,1
1975,3
1976,1
1977,2
1978,1
1980,1
1981,0
1982,1
1983,1
1984,1
1985,2
1986,2
1987,2
1988,2
1989,1
1990,3
1991,0
1992,1
1993,3
1994,3
1995,2
1997,1
1998,2
1999,0
2000,3
2001,0
2002,0
2003,0
2004,2
2005,1
2006,1
2007,0
2008,1
2009,1
2010,1
2011,2
2012,3
2013,1
2014,2
2015,2
2016,3
2017,0
2018,3
2019,3
2020,0
2021,1
2022,2
2023,3
2024,1
2025,3
2026,3
2027,2
2028,1
2029,1
2030,1
2031,1
2032,1
2033,1
2035,1
2036,1
2037,3
2038,1
2039,1
2040,1
2041,2
2042,2
2043,2
2044,1
2045,1
2046,1
2047,2
2048,3
2049,1
2050,3
2051,2
2052,2
2053,2
2054,1
2055,2
2056,3
2057,0
2059,1
2060,1
2061,1
2062,0
2063,1
2064,1
2065,1
2066,1
2067,1
2068,0
2069,0
2070,3
2071,1
2072,0
2073,3
2074,1
2075,1
2076,0
2077,3
2078,3
2079,3
2080,1
2081,1
2082,1
2083,1
2084,0
2086,1
2087,2
2088,2
2089,2
2090,3
2091,0
2092,3
2093,2
2095,1
2096,3
2097,1
2098,0
2099,1
2100,1
2101,1
2102,3
2103,1
2104,1
2105,0
2107,3
2108,2
2109,0
2110,1
2111,3
2112,2
2113,3
2114,2
2115,3
2116,2
2117,3
2118,1
2119,2
2120,2
2121,1
2122,1
2125,1
2126,0
2127,1
2128,1
2129,0
2130,1
2131,3
2132,2
2133,0
2134,1
2135,2
2136,1
2137,0
2138,0
2139,1
2141,0
2142,2
2143,0
2144,0
2145,1
2146,0
2147,1
2148,2
2149,2
2150,0
2151,1
2152,0
2153,1
2154,1
2155,1
2156,2
2157,0
2158,1
2159,0
2160,2
2161,1
2162,2
2163,1
2164,3
2165,3
2166,2
2167,1
2168,3
2169,1
2170,2
2171,2
2172,1
2173,1
2174,0
2175,1
2176,1
2177,1
2178,1
2179,3
2180,3
2181,2
2182,3
2183,1
2184,2
2185,1
2186,3
2187,0
2188,2
2190,1
2191,1
2192,1
2193,1
2195,1
2196,1
2197,1
2198,2
2199,1
2200,3
2201,0
2202,1
2203,2
2204,1
2205,1
2206,2
2207,3
2208,1
2209,3
2210,0
2211,1
2212,2
2213,0
2214,0
2215,2
2216,1
2217,3
2218,0
2219,3
2220,3
2221,0
2222,3
2223,0
2224,2
2225,2
2226,1
2227,2
2228,0
2229,2
2231,2
2232,1
2233,1
2234,0
2235,1
2236,2
2237,0
2238,2
2239,0
2241,2
2242,1
2244,1
2245,1
2246,2
2247,0
2248,2
2249,2
2250,3
2251,1
2252,2
2253,2
2254,0
2255,0
2256,0
2258,2
2259,1
2260,1
2261,1
2262,2
2263,3
2265,2
2266,0
2267,3
2268,1
2269,1
2270,1
2271,1
2273,1
2274,2
2275,2
2276,1
2277,1
2278,1
2279,1
2280,2
2281,0
2282,0
2283,2
2284,1
2285,2
2286,0
2287,1
2288,2
2289,1
2290,1
2291,0
2292,1
2293,0
2294,1
2295,1
2297,1
2298,2
2299,0
2300,0
2301,2
2302,1
2303,2
2304,0
2305,2
2306,3
2307,1
2308,1
2310,0
2311,0
2312,1
2313,1
2314,1
2315,1
2316,1
2317,2
2318,2
2320,1
2321,1
2322,3
2323,3
2324,2
2325,1
2326,2
2327,1
2329,1
2330,0
2331,2
2332,0
2333,2
2334,1
2335,2
2336,1
2337,0
2338,1
2339,1
2340,3
2341,1
2342,3
2343,1
2344,3
2345,2
2346,2
2347,1
2348,2
2349,1
2350,3
2354,2
2355,2
2356,0
2357,1
2358,1
2359,0
2360,2
2361,1
2362,0
2364,0
2365,0
2366,0
2367,0
2368,2
2369,2
2370,0
2371,1
2372,3
2373,1
2374,2
2375,1
2376,3
2377,2
2378,2
2380,0
2381,0
2382,0
2383,1
2384,3
2385,1
2386,3
2387,1
2388,2
2389,1
2390,0
2391,3
2392,2
2393,1
2394,3
2395,3
2396,2
2397,0
2398,3
2399,2
2400,1
2402,3
2403,3
2404,2
2405,1
2406,1
2407,0
2408,2
2409,1
2410,2
2411,0
2412,1
2413,1
2414,0
2415,3
2416,2
2417,3
2419,1
2420,2
2421,2
2422,1
2423,1
2424,1
2425,3
2426,2
2427,1
2428,3
2429,3
2430,1
2431,1
2433,3
2434,0
2435,0
2436,1
2437,3
2438,3
2439,3
2440,2
2441,0
2442,2
2443,2
2444,1
2445,0
2446,2
2447,1
2448,1
2450,2
2451,1
2452,3
2453,2
2454,1
2455,0
2456,2
2457,1
2458,0
2459,1
2460,2
2461,2
2462,1
2463,3
2464,0
2465,3
2466,2
2467,3
2468,0
2469,0
2470,1
2471,1
2472,0
2473,0
2474,0
2475,3
2476,2
2477,0
2478,3
2479,3
2480,1
2481,2
2482,2
2483,1
2484,3
2485,1
2486,0
2487,1
2488,0
2489,1
2490,3
2491,2
2492,2
2493,1
2494,2
2495,2
2496,3
2497,1
2498,3
2499,1
2500,1
2501,1
2502,2
2503,0
2504,2
2505,2
2506,2
2508,2
2509,0
2510,1
2511,0
2512,1
2513,3
2515,2
2516,2
2517,1
2518,2
2519,0
2520,0
2521,1
2522,2
2523,2
2524,2
2525,3
2526,2
2527,0
2528,0
2529,1
2530,0
2531,2
2532,2
2533,0
2534,1
2535,2
2536,1
2537,2
2538,2
2539,1
2540,2
2541,3
2542,3
2543,1
2544,2
2545,1
2546,0
2547,2
2548,0
2549,1
2550,1
2551,0
2553,3
2554,3
2555,3
2556,1
2558,0
2559,1
2560,2
2561,3
2562,0
2563,1
2564,2
2565,2
2566,0
2567,0
2568,0
2569,3
2570,3
2571,2
2572,2
2573,2
2574,1
2575,3
2576,1
2577,2
2578,2
2579,0
2580,1
2581,1
2582,3
2583,1
2584,0
2585,3
2586,3
2587,0
2588,2
2589,1
2590,2
2591,1
2592,1
2593,0
2594,1
2595,2
2596,0
2597,3
2598,2
2599,1
2600,1
2601,1
2602,0
2603,1
2604,1
2605,1
2606,0
2607,0
2608,1
2609,1
2610,0
2611,1
2612,3
2613,0
2614,3
2615,2
2616,2
2617,2
2618,1
2619,3
2620,1
2621,3
2622,1
2623,1
2624,3
2626,3
2627,3
2628,2
2629,3
2630,3
2631,1
2632,2
2633,1
2634,0
2635,1
2636,0
2638,1
2639,2
2640,1
2641,2
2642,0
2643,1
2644,1
2645,2
2646,2
2647,1
2648,3
2649,0
2650,0
2651,3
2652,2
2653,2
2654,2
2655,1
2656,3
2657,1
2658,2
2659,0
2660,3
2661,2
2662,2
2663,1
2664,1
2665,3
2666,0
2667,2
2668,1
2669,1
2670,2
2671,3
2672,1
2673,0
2674,1
2675,0
2676,0
2677,1
2678,1
2679,1
2680,1
2681,3
2682,2
2683,2
2684,1
2685,1
2686,2
2687,1
2688,2
2689,1
2690,3
2691,3
2692,3
2693,2
2694,3
2695,0
2696,1
2697,1
2698,0
2699,0
2700,2
2701,0
2702,2
2703,1
2704,1
2705,1
2706,1
2707,1
2708,3
2709,2
2710,3
2711,2
2712,0
2713,2
2714,2
2715,3
2716,1
2717,2
2718,1
2719,3
2720,2
2721,0
2722,2
2723,0
2724,1
2725,2
2726,1
2727,2
2728,2
2729,2
2730,0
2731,1
2732,0
2733,1
2734,0
2735,1
2736,3
2737,1
2738,1
2739,2
2740,3
2742,1
2743,1
2744,3
2745,1
2746,1
2747,1
2748,0
2749,1
2750,2
2751,1
2752,3
2754,1
2755,1
2756,3
2757,1
2758,3
2759,3
2760,1
2761,1
2762,0
2763,1
2764,1
2765,2
2766,1
2767,1
2768,3
2769,1
2770,3
2772,2
2773,3
2774,1
2775,2
2776,1
2777,2
2778,3
2779,1
2780,0
2781,1
2782,0
2783,1
2784,1
2785,1
2786,3
2787,1
2788,1
2789,1
2790,1
2791,1
2792,1
2793,1
2794,2
2795,1
2796,0
2797,1
2798,1
2799,1
2800,1
2801,0
2802,3
2803,1
2804,2
2805,2
2806,2
2807,2
2808,3
2809,1
2810,3
2811,0
2812,1
2813,1
2814,0
2815,1
2816,1
2817,1
2818,0
2819,1
2820,3
2821,0
2822,1
2823,1
2824,3
2825,3
2826,3
2827,1
2828,2
2829,0
2830,2
2831,1
2832,0
2833,1
2834,2
2837,0
2838,1
2839,2
2840,2
2842,1
2843,1
2844,1
2845,2
2846,1
2847,1
2848,1
2849,1
2850,2
2851,1
2852,0
2853,3
2854,3
2855,1
2856,0
2857,2
2858,1
2859,3
2860,1
2861,1
2863,1
2864,3
2865,1
2866,1
2867,1
2869,1
2870,0
2871,1
2872,1
2873,0
2874,3
2875,2
2876,2
2877,0
2878,1
2879,1
2880,2
2881,0
2882,2
2883,1
2884,1
2885,0
2886,2
2887,1
2888,2
2889,2
2890,2
2891,0
2892,1
2893,1
2894,2
2895,1
2896,1
2897,2
2898,0
2899,2
2900,2
2901,0
2902,3
2903,1
2904,1
2905,2
2906,1
2907,1
2908,0
2910,0
2911,0
2912,2
2913,3
2915,3
2916,0
2917,1
2919,1
2920,0
2921,2
2922,3
2923,0
2924,1
2925,1
2926,1
2927,1
2928,1
2929,2
2930,3
2931,3
2932,0
2933,3
2934,3
2935,2
2936,1
2937,3
2938,1
2939,2
2940,1
2941,1
2942,2
2943,2
2944,1
2945,1
2946,0
2947,3
2948,1
2949,0
2951,2
2952,0
2953,2
2954,1
2955,2
2956,3
2957,3
2958,1
2959,2
2961,0
2962,0
2963,0
2964,1
2965,0
2966,2
2967,1
2968,1
2970,0
2971,1
2972,0
2973,1
2974,1
2975,1
2976,2
2978,1
2979,1
2980,3
2981,1
2982,3
2983,2
2984,1
2985,1
2986,3
2987,1
2988,1
2989,1
2990,1
2991,2
2992,2
2993,2
2995,1
2996,1
2997,1
2998,0
2999,0
3000,1
3001,2
3002,1
3003,1
3004,3
3005,1
3006,2
3007,1
3009,3
3010,1
3011,1
3012,2
3013,1
3014,1
3015,3
3016,1
3017,1
3018,0
3019,1
3020,1
3021,1
3022,0
3023,0
3025,0
3026,2
3027,2
3028,3
3029,0
3031,2
3032,3
3033,1
3034,3
3035,1
3036,2
3037,0
3038,0
3039,2
3040,2
3041,1
3042,0
3043,2
3044,2
3045,1
3046,1
3047,2
3049,2
3050,1
3051,2
3052,3
3053,1
3054,1
3055,2
3056,2
3057,1
3058,2
3059,2
3060,0
3061,1
3063,2
3064,1
3066,1
3067,1
3068,1
3069,2
3070,3
3071,3
3072,3
3073,0
3074,2
3075,2
3076,3
3078,1
3079,1
3080,1
3081,3
3082,0
3083,1
3084,1
3085,2
3086,3
3087,3
3088,2
3089,2
3090,1
3091,1
3092,3
3093,2
3094,1
3095,2
3096,2
3097,1
3098,0
3100,2
3101,2
3102,3
3103,0
3104,0
3105,3
3106,2
3107,1
3108,2
3109,0
3111,0
3112,0
3113,2
3114,3
3115,0
3116,2
3117,2
3118,2
3119,2
3120,1
3121,0
3122,1
3123,1
3124,2
3125,1
3126,1
3127,3
3128,3
3130,1
3131,1
3132,1
3133,1
3134,0
3135,1
3136,0
3137,1
3138,1
3139,1
3140,1
3141,3
3142,1
3143,1
3144,2
3145,0
3146,1
3147,0
3148,2
3149,1
3150,3
3151,2
3152,3
3153,2
3154,3
3155,1
3156,2
3157,2
3158,1
3160,1
3161,2
3162,2
3163,2
3164,2
3165,1
3166,0
3167,3
3168,1
3169,3
3170,3
3171,1
3172,1
3173,1
3174,0
3175,0
3176,1
3177,2
3178,1
3179,1
3180,1
3181,0
3182,2
3183,1
3184,2
3185,1
3186,1
3187,1
3188,3
3189,1
3190,1
3192,0
3193,0
3194,1
3195,1
3196,3
3197,0
3198,1
3199,1
3200,3
3202,1
3203,2
3204,3
3205,1
3206,3
3207,0
3208,0
3209,2
3210,3
3211,1
3212,2
3213,0
3214,0
3215,1
3216,0
3217,1
3218,3
3219,3
3222,3
3223,1
3224,2
3225,2
3226,1
3227,1
3228,1
3229,3
3230,1
3231,1
3232,3
3233,1
3234,3
3235,1
3236,1
3237,3
3238,2
3239,1
3240,2
3241,1
3242,0
3243,1
3244,3
3245,3
3246,1
3247,0
3248,2
3249,3
3250,1
3251,2
3252,2
3254,0
3255,2
3256,2
3257,0
3258,1
3259,1
3260,3
3261,1
3262,1
3263,2
3265,3
3266,2
3267,0
3268,0
3269,1
3270,1
3271,1
3272,2
3274,2
3275,2
3276,3
3277,2
3278,2
3279,3
3280,0
3281,1
3282,1
3283,2
3284,0
3286,2
3287,1
3288,1
3289,1
3290,2
3291,3
3292,1
3293,0
3294,2
3295,2
3296,2
3297,3
3298,0
3299,1
3300,0
3301,0
3302,3
3303,1
3304,1
3305,0
3306,3
3308,1
3309,2
3310,0
3311,1
3312,1
3313,1
3314,2
3315,2
3316,2
3317,2
3318,1
3319,1
3320,2
3321,3
3322,1
3323,0
3324,1
3325,1
3326,1
3327,1
3328,3
3329,2
3330,3
3331,1
3333,0
3334,1
3335,1
3336,3
3337,1
3338,0
3339,1
3340,2
3341,1
3342,1
3343,1
3344,1
3345,1
3346,0
3347,0
3348,1
3349,2
3350,2
3351,2
3352,1
3353,1
3354,2
3355,2
3356,0
3358,1
3359,1
3360,3
3361,0
3363,2
3364,2
3365,2
3366,2
3367,1
3368,1
3369,1
3370,2
3371,2
3372,1
3373,0
3374,1
3375,3
3376,2
3377,2
3378,2
3379,2
3380,0
3381,1
3382,1
3383,1
3384,3
3385,1
3386,1
3387,1
3388,0
3389,2
3390,3
3391,1
3392,2
3393,3
3395,1
3396,2
3398,2
3399,1
3400,2
3401,2
3402,0
3403,2
3404,1
3405,3
3406,0
3407,2
3408,3
3409,2
3410,2
3411,1
3412,2
3413,1
3414,1
3415,1
3416,1
3417,2
3418,1
3419,1
3420,2
3421,0
3422,1
3423,3
3424,1
3425,2
3426,1
3427,0
3428,1
3429,2
3430,1
3431,3
3432,1
3433,2
3434,2
3435,1
3436,1
3437,0
3438,3
3439,3
3440,3
3441,1
3442,0
3443,0
3444,0
3445,2
3447,2
3448,3
3449,3
3450,1
3451,2
3452,1
3453,3
3454,2
3455,1
3456,1
3457,0
3458,1
3459,3
3460,1
3461,1
3463,1
3464,1
3465,1
3466,0
3467,0
3468,2
3470,2
3471,1
3472,1
3473,0
3474,2
3475,1
3476,1
3477,0
3478,1
3479,1
3480,0
3481,0
3482,1
3483,3
3484,3
3485,1
3486,2
3487,0
3488,2
3489,0
3490,0
3491,2
3493,1
3494,0
3495,1
3496,3
3497,0
3498,0
3499,3
3500,0
3501,1
3503,2
3504,2
3505,3
3506,0
3507,2
3508,3
3509,2
3510,1
3511,1
3512,0
3513,1
3514,0
3515,2
3516,2
3517,2
3518,1
3519,1
3520,0
3521,1
3522,0
3523,1
3524,2
3525,1
3526,1
3527,1
3528,0
3529,1
3530,0
3531,0
3532,2
3533,1
3534,1
3535,1
3536,3
3538,1
3539,0
3540,1
3542,2
3544,0
3545,3
3546,0
3547,1
3548,1
3549,3
3550,1
3551,2
3552,3
3553,2
3554,1
3555,3
3556,3
3557,0
3558,0
3559,3
3560,0
3561,0
3562,1
3563,0
3564,2
3565,0
3566,1
3567,1
3568,0
3569,2
3570,2
3571,1
3572,0
3573,2
3574,3
3575,1
3576,1
3577,0
3578,2
3579,2
3580,2
3581,1
3582,1
3583,1
3584,1
3585,3
3586,2
3587,1
3588,1
3589,1
3590,1
3591,2
3592,1
3593,1
3594,1
3595,0
3596,1
3598,2
3599,2
3600,3
3601,1
3602,1
3603,0
3604,1
3605,1
3606,2
3607,0
3608,1
3609,1
3610,1
3611,0
3612,3
3613,0
3614,0
3615,1
3616,3
3617,1
3618,0
3620,1
3621,2
3622,2
3623,1
3624,2
3625,1
3626,2
3627,2
3628,3
3629,2
3630,0
3631,2
3632,0
3633,0
3634,1
3635,3
3636,2
3637,1
3638,1
3639,0
3640,2
3641,2
3642,2
3643,1
3644,3
3645,2
3646,1
3647,2
3649,0
3650,2
3651,2
3652,1
3653,0
3654,1
3655,0
3656,3
3657,2
3658,1
3659,2
3660,2
3661,1
3662,3
3663,1
3664,1
3665,1
3666,1
3667,2
3668,0
3669,1
3671,2
3672,1
3673,1
3674,1
3675,1
3676,3
3677,2
3678,3
3679,1
3680,0
3681,2
3682,1
3684,1
3685,3
3686,0
3687,1
3688,0
3689,1
3690,1
3691,3
3692,1
3693,0
3694,0
3695,1
3696,0
3697,2
3698,0
3699,3
3700,1
3701,1
3702,0
3703,3
3704,1
3705,2
3706,2
3707,2
3709,1
3710,1
3711,3
3712,0
3713,0
3714,1
3715,1
3717,3
3718,2
3719,3
3722,2
3723,2
3724,2
3727,1
3728,3
3729,1
3730,2
3731,0
3732,1
3733,1
3734,1
3735,2
3736,1
3737,1
3738,1
3739,2
3740,0
3742,1
3743,2
3744,3
3745,1
3746,0
3747,1
3748,1
3749,2
3750,0
3752,0
3753,2
3754,2
3755,0
3756,0
3757,2
3758,1
3759,3
3760,0
3761,1
3762,3
3763,3
3764,2
3765,1
3766,2
3767,3
3768,1
3769,0
3770,1
3771,1
3772,0
3773,2
3774,1
3775,1
3776,1
3777,3
3779,0
3780,2
3781,2
3782,0
3784,1
3785,0
3786,1
3787,1
3788,0
3789,1
3790,2
3791,1
3792,1
3793,0
3794,1
3795,1
3796,3
3797,0
3798,3
3799,1
3800,1
3801,1
3802,1
3803,2
3804,1
3805,1
3806,1
3807,0
3808,1
3810,1
3811,1
3812,1
3813,0
3814,3
3815,0
3816,0
3817,1
3818,1
3819,2
3820,3
3821,2
3822,3
3823,1
3824,1
3825,0
3826,2
3827,3
3828,0
3829,2
3831,2
3832,3
3833,1
3834,0
3835,3
3836,1
3838,2
3839,2
3840,1
3841,0
3843,3
3844,2
3845,1
3846,2
3847,1
3849,1
3851,0
3852,1
3853,0
3854,1
3855,2
3856,2
3858,0
3859,2
3860,2
3861,0
3862,1
3863,1
3864,1
3865,2
3866,1
3867,0
3868,2
3869,3
3870,2
3871,1
3872,2
3873,0
3874,1
3875,1
3876,1
3877,0
3878,2
3879,0
3880,1
3882,2
3883,1
3884,0
3885,0
3886,1
3887,1
3888,0
3889,1
3890,1
3891,3
3892,2
3893,2
3894,1
3895,1
3896,3
3897,2
3898,2
3899,1
3900,1
3901,0
3902,1
3903,2
3904,2
3905,2
3906,1
3907,0
3908,2
3909,1
3910,2
3911,0
3912,1
3913,2
3915,2
3916,1
3917,2
3918,0
3919,1
3920,2
3921,1
3922,2
3925,1
3926,2
3927,0
3928,1
3929,0
3930,1
3931,1
3932,1
3933,2
3934,0
3935,3
3936,0
3937,0
3938,2
3939,0
3940,2
3941,0
3942,1
3943,1
3944,1
3945,2
3946,2
3947,0
3948,3
3949,1
3951,0
3952,1
3953,3
3954,0
3955,1
3956,2
3957,0
3958,1
3959,1
3960,0
3961,1
3962,1
3963,1
3964,2
3965,2
3966,1
3967,1
3968,2
3969,1
3970,1
3971,3
3972,1
3973,2
3974,2
3975,0
3976,1
3977,2
3978,3
3979,2
3980,1
3981,2
3982,1
3983,1
3985,0
3986,2
3987,1
3988,2
3989,1
3990,0
3991,1
3992,2
3993,2
3994,1
3995,2
3996,1
3997,1
3998,1
3999,3
4000,0
4001,1
4002,2
4004,3
4005,1
4006,3
4007,2
4008,2
4009,1
4010,0
4011,3
4012,3
4013,3
4014,2
4015,0
4016,0
4018,1
4019,3
4020,2
4021,3
4022,1
4023,1
4024,2
4025,1
4026,1
4027,0
4028,0
4029,2
4030,1
4031,0
4032,2
4033,0
4034,0
4035,1
4036,0
4037,1
4038,0
4039,0
4040,0
4041,2
4042,0
4043,2
4044,1
4045,1
4046,2
4048,0
4049,1
4050,1
4051,2
4053,2
4054,2
4055,0
4056,1
4057,2
4059,2
4060,2
4061,1
4062,1
4063,1
4064,2
4065,1
4067,0
4068,1
4069,3
4070,1
4071,2
4072,0
4073,1
4074,1
4075,0
4076,1
4077,0
4078,1
4079,1
4080,1
4081,2
4082,3
4083,0
4084,3
4086,1
4087,1
4088,1
4089,2
4090,1
4091,1
4092,0
4093,0
4094,2
4096,2
4097,0
4098,2
4099,0
4100,0
4102,0
4103,3
4104,1
4105,2
4106,2
4107,2
4108,0
4109,3
4110,0
4111,3
4112,1
4113,1
4114,1
4115,1
4116,3
4117,2
4118,2
4119,1
4120,0
4121,1
4122,0
4123,2
4124,2
4125,3
4126,0
4127,0
4128,0
4129,1
4130,0
4131,2
4132,1
4133,0
4134,2
4135,1
4136,0
4137,0
4138,1
4139,2
4140,2
4141,1
4142,1
4143,0
4144,1
4145,2
4146,1
4147,1
4148,2
4149,0
4150,3
4151,3
4152,1
4153,1
4154,1
4155,2
4156,0
4158,2
4159,1
4160,0
4161,1
4162,0
4163,2
4164,1
4165,1
4166,0
4167,2
4168,1
4169,2
4170,3
4171,3
4172,3
4173,1
4174,2
4175,3
4176,1
4177,1
4178,3
4179,0
4180,1
4181,1
4182,2
4183,1
4184,3
4186,0
4187,3
4188,0
4189,0
4190,1
4191,3
4192,1
4193,2
4194,1
4195,2
4196,0
4197,1
4198,1
4199,2
4200,3
4202,1
4203,0
4204,1
4205,1
4206,1
4207,1
4208,2
4209,1
4210,1
4211,1
4212,1
4213,3
4216,3
4217,3
4218,0
4219,1
4220,1
4221,0
4222,2
4223,1
4225,1
4226,1
4227,3
4228,1
4229,2
4230,2
4231,1
4232,0
4233,1
4234,0
4235,1
4236,3
4237,2
4238,1
4240,1
4241,1
4242,0
4243,1
4244,2
4245,2
4246,2
4247,1
4248,3
4249,1
4250,3
4251,3
4252,3
4253,3
4254,1
4255,0
4256,1
4257,0
4258,2
4259,2
4260,2
4261,1
4262,1
4263,3
4264,1
4265,0
4266,2
4267,1
4269,3
4270,2
4271,1
4272,1
4273,3
4274,2
4275,1
4276,2
4277,1
4278,0
4279,3
4280,1
4281,3
4282,3
4283,3
4284,0
4285,0
4286,1
4287,1
4288,3
4289,3
4290,1
4291,3
4292,0
4293,3
4294,2
4295,1
4296,2
4298,2
4299,1
4300,2
4301,1
4302,1
4303,1
4304,1
4305,3
4306,0
4307,1
4308,1
4310,1
4311,1
4312,3
4313,3
4314,0
4315,2
4316,0
4318,0
4319,1
4320,2
4321,2
4322,3
4323,2
4324,0
4325,0
4326,1
4327,3
4328,1
4329,1
4330,3
4331,1
4333,2
4334,1
4335,3
4336,2
4337,1
4338,3
4339,0
4340,3
4342,1
4343,3
4345,1
4346,1
4347,0
4348,0
4349,1
4350,1
4352,1
4353,3
4354,2
4355,3
4356,1
4357,1
4358,2
4359,3
4360,1
4361,2
4362,0
4363,1
4364,2
4365,3
4366,1
4367,1
4368,0
4369,2
4370,2
4371,0
4372,2
4373,0
4374,3
4375,2
4376,2
4377,1
4378,1
4379,1
4380,2
4382,0
4383,1
4384,1
4385,0
4386,1
4388,2
4389,1
4390,0
4391,2
4392,1
4393,2
4394,2
4395,1
4396,3
4397,0
4398,3
4400,2
4401,0
4402,0
4403,1
4404,3
4405,1
4408,2
4409,0
4410,1
4412,1
4413,0
4414,2
4415,2
4416,3
4417,3
4418,3
4419,1
4420,1
4421,1
4422,0
4423,1
4424,0
4425,2
4426,0
4427,2
4428,1
4429,3
4430,1
4431,1
4432,1
4433,3
4434,2
4435,1
4436,1
4437,0
4438,0
4439,1
4440,0
4441,0
4442,3
4443,0
4444,2
4445,1
4446,1
4447,1
4448,0
4449,1
4450,2
4451,0
4452,1
4453,1
4454,1
4455,0
4456,0
4457,3
4458,3
4460,1
4461,3
4462,2
4463,2
4464,1
4465,0
4466,1
4467,3
4468,1
4469,1
4471,2
4472,0
4473,2
4474,2
4475,2
4476,2
4477,0
4478,2
4479,1
4480,2
4481,1
4482,1
4483,1
4484,1
4485,1
4486,3
4487,1
4488,0
4489,1
4490,1
4491,0
4492,0
4493,2
4494,2
4495,1
4496,1
4497,3
4498,1
4499,1
4500,0
4503,0
4504,0
4505,2
4506,1
4507,3
4508,0
4509,1
4511,1
4512,3
4513,0
4514,0
4515,2
4516,1
4517,0
4518,3
4519,1
4520,3
4521,1
4522,2
4523,3
4524,2
4525,1
4526,2
4527,1
4528,1
4529,0
4530,1
4531,1
4532,1
4533,2
4534,1
4535,0
4536,1
4537,0
4538,2
4539,0
4540,2
4541,1
4542,1
4543,3
4544,1
4545,1
4546,1
4547,1
4548,1
4549,2
4550,2
4551,2
4552,0
4553,2
4554,2
4555,1
4556,3
4557,1
4558,2
4559,2
4560,0
4561,2
4562,2
4563,3
4564,0
4565,2
4566,3
4567,1
4568,1
4569,1
4570,2
4571,2
4572,1
4573,2
4574,2
4575,2
4576,1
4577,1
4578,3
4579,0
4580,0
4581,1
4582,0
4583,1
4584,1
4585,1
4587,1
4588,2
4589,3
4590,0
4591,3
4592,1
4593,0
4594,1
4595,1
4596,0
4597,2
4598,1
4599,0
4600,0
4601,1
4602,1
4603,0
4604,1
4605,1
4606,2
4607,1
4608,2
4609,1
4610,2
4611,2
4612,0
4613,2
4614,0
4615,3
4616,1
4617,2
4619,1
4620,2
4621,0
4622,3
4623,2
4624,0
4625,1
4626,0
4627,0
4628,1
4629,1
4630,1
4631,1
4632,2
4633,2
4634,2
4635,2
4636,0
4637,1
4638,3
4639,1
4640,2
4641,2
4642,2
4643,3
4644,1
4645,1
4646,2
4647,2
4648,0
4649,2
4650,0
4651,1
4652,1
4653,3
4654,1
4655,1
4656,2
4657,1
4658,0
4659,2
4660,0
4661,3
4662,2
4663,1
4664,2
4665,1
4666,1
4667,1
4668,0
4669,2
4670,2
4671,2
4672,0
4673,1
4674,3
4675,1
4676,1
4677,2
4678,3
4679,1
4680,2
4681,0
4682,3
4683,2
4684,0
4685,3
4686,1
4687,1
4688,3
4689,3
4690,1
4691,1
4692,1
4693,1
4694,0
4695,1
4696,0
4697,1
4698,0
4699,2
4700,3
4701,2
4702,1
4703,3
4704,3
4705,2
4706,0
4707,3
4708,0
4709,2
4710,1
4711,1
4712,2
4714,3
4715,2
4717,3
4718,3
4719,2
4720,2
4721,1
4722,1
4723,1
4724,0
4725,2
4726,2
4727,2
4728,1
4729,2
4730,2
4731,1
4732,1
4733,2
4734,0
4735,1
4737,0
4738,1
4739,0
4740,1
4741,1
4742,2
4743,2
4744,0
4745,3
4746,1
4747,2
4748,2
4749,1
4750,0
4751,1
4752,2
4753,1
4754,0
4755,1
4756,1
4757,1
4758,1
4759,1
4761,1
4762,1
4763,2
4764,3
4765,3
4766,1
4767,0
4768,2
4769,2
4770,1
4771,3
4772,1
4773,3
4774,1
4775,2
4776,1
4777,0
4778,1
4779,1
4780,2
4781,0
4782,1
4783,2
4784,1
4785,2
4787,2
4788,3
4789,3
4790,2
4791,0
4792,3
4793,2
4794,1
4795,1
4796,0
4797,1
4798,2
4799,3
4800,0
4801,2
4802,1
4803,1
4804,2
4805,0
4806,1
4807,1
4809,0
4810,0
4811,1
4812,2
4813,1
4814,2
4815,1
4816,0
4817,2
4818,1
4819,3
4820,2
4821,1
4822,2
4823,3
4824,0
4825,2
4826,1
4827,1
4828,1
4829,2
4830,2
4831,3
4832,2
4833,2
4834,2
4835,1
4836,0
4837,0
4838,3
4839,3
4840,3
4841,2
4842,1
4843,1
4844,3
4845,3
4846,2
4847,2
4848,1
4849,2
4850,1
4851,1
4852,3
4853,1
4854,2
4855,1
4856,2
4857,1
4858,2
4859,1
4861,2
4862,0
4863,0
4864,2
4865,1
4866,1
4867,1
4868,2
4869,1
4870,0
4871,2
4872,1
4873,1
4874,2
4875,0
4876,0
4877,3
4878,2
4879,1
4880,3
4881,1
4882,1
4883,1
4884,2
4885,3
4886,2
4887,2
4888,2
4890,1
4891,3
4893,1
4896,0
4897,0
4898,3
4899,0
4900,2
4901,0
4902,2
4903,3
4904,2
4905,1
4906,0
4907,0
4908,3
4909,2
4910,1
4911,1
4912,1
4913,3
4914,1
4915,0
4916,0
4917,0
4918,0
4919,3
4921,3
4922,1
4923,1
4924,2
4925,3
4926,1
4928,1
4929,1
4930,2
4931,0
4932,0
4933,0
4934,0
4935,0
4936,3
4937,1
4938,2
4939,2
4940,1
4942,1
4943,2
4946,1
4948,2
4949,2
4951,3
4952,1
4953,3
4954,2
4955,1
4956,2
4957,0
4958,1
4959,1
4960,3
4961,1
4962,1
4963,0
4964,3
4965,0
4966,3
4967,2
4968,1
4969,3
4970,2
4971,1
4972,0
4973,1
4974,0
4975,0
4976,1
4977,1
4978,1
4979,1
4980,1
4981,2
4982,3
4983,2
4984,1
4985,0
4986,2
4987,0
4988,1
4989,1
4990,1
4991,1
4992,2
4993,0
4994,1
4995,0
4996,0
4997,2
4998,0
4999,1
5000,1
5001,1
5002,0
5003,0
5004,1
5005,2
5006,0
5007,0
5008,2
5009,2
5010,1
5011,1
5012,1
5013,2
5014,1
5015,0
5016,3
5017,2
5018,3
5019,0
5020,1
5021,0
5022,2
5023,1
5024,1
5025,2
5026,2
5027,1
5028,3
5030,0
5031,0
5032,0
5033,2
5034,0
5035,2
5036,2
5037,1
5038,1
5039,2
5040,2
5041,1
5042,1
5043,1
5044,1
5045,1
5046,1
5047,0
5048,1
5049,1
5050,2
5052,3
5053,2
5054,0
5055,2
5057,2
5058,2
5059,1
5060,2
5061,1
5062,2
5064,1
5066,0
5067,1
5068,2
5069,3
5071,0
5072,0
5073,1
5074,1
5075,0
5076,3
5077,1
5078,3
5079,1
5080,1
5081,3
5082,1
5083,1
5084,1
5085,1
5086,2
5087,1
5088,1
5089,0
5090,1
5091,0
5092,1
5093,1
5094,1
5095,1
5096,2
5097,3
5098,3
5099,0
5100,1
5101,1
5102,1
5103,2
5104,3
5105,1
5106,1
5107,0
5108,1
5109,3
5110,2
5112,3
5113,3
5114,3
5115,1
5116,1
5117,0
5118,2
5119,1
5120,0
5121,1
5122,2
5123,3
5124,3
5125,3
5126,1
5127,1
5128,1
5129,0
5130,2
5131,1
5132,2
5133,1
5134,1
5135,3
5136,0
5137,1
5138,1
5139,2
5140,2
5141,1
5142,2
5143,2
5144,2
5145,1
5146,1
5148,3
5149,0
5150,3
5151,3
5152,1
5153,2
5154,1
5155,1
5156,1
5157,1
5158,2
5159,1
5162,1
5163,1
5164,1
5165,3
5166,1
5167,1
5168,1
5169,1
5170,2
5171,0
5172,2
5173,2
5174,1
5175,3
5176,0
5177,3
5178,1
5179,1
5180,3
5181,3
5182,1
5183,2
5184,2
5185,1
5186,0
5187,2
5188,0
5189,1
5190,2
5191,3
5192,1
5193,1
5194,1
5195,2
5196,2
5197,2
5199,2
5200,1
5201,2
5204,3
5205,0
5207,1
5209,0
5210,1
5211,2
5212,0
5213,2
5214,0
5215,1
5216,2
5217,3
5218,3
5219,3
5220,2
5221,2
5222,1
5223,3
5224,1
5225,2
5226,0
5227,1
5228,1
5229,1
5230,2
5231,2
5232,1
5233,2
5234,1
5235,1
5236,2
5237,1
5238,0
5239,3
5240,1
5241,1
5242,2
5243,2
5244,3
5245,1
5246,1
5247,1
5248,0
5249,0
5250,2
5251,1
5252,1
5253,1
5254,1
5255,2
5256,0
5257,1
5258,2
5259,1
5260,1
5261,1
5262,3
5263,2
5264,2
5265,2
5268,1
5269,2
5271,2
5272,1
5273,1
5274,1
5275,1
5276,1
5277,3
5278,1
5279,1
5280,1
5281,1
5282,1
5283,1
5284,2
5286,0
5287,2
5288,2
5289,1
5290,1
5291,1
5293,1
5294,1
5295,1
5296,2
5297,3
5298,1
5299,2
5300,2
5301,0
5302,0
5303,2
5304,1
5305,3
5306,1
5307,2
5308,1
5309,3
5310,2
5312,2
5314,2
5315,3
5316,1
5317,2
5318,1
5319,2
5320,2
5321,2
5322,3
5323,0
5324,0
5326,2
5327,3
5328,2
5329,1
5330,3
5331,1
5332,3
5333,2
5334,1
5335,3
5336,1
5337,3
5338,1
5339,0
5340,2
5341,1
5342,0
5343,1
5344,2
5345,2
5346,2
5347,1
5348,3
5349,2
5350,1
5351,1
5353,1
5355,1
5356,2
5357,1
5358,1
5359,3
5360,1
5361,3
5362,1
5363,0
5364,0
5365,1
5366,3
5367,1
5368,1
5369,1
5370,0
5371,2
5372,1
5374,2
5375,2
5376,0
5377,3
5378,1
5379,1
5381,0
5382,3
5383,1
5384,2
5386,3
5387,1
5388,0
5389,3
5390,0
5391,0
5393,0
5394,1
5395,1
5396,2
5397,1
5398,0
5399,0
5400,1
5401,0
5402,0
5403,0
5404,2
5405,1
5406,0
5407,2
5408,1
5409,1
5410,1
5411,1
5412,1
5413,2
5414,1
5415,0
5416,2
5417,2
5418,0
5419,1
5420,0
5421,1
5422,0
5423,2
5424,3
5425,1
5426,2
5427,1
5428,0
5429,2
5430,3
5431,0
5432,2
5433,1
5435,1
5436,2
5437,2
5438,3
5439,1
5440,0
5441,1
5442,2
5443,1
5444,1
5445,2
5447,2
5448,1
5449,3
5450,1
5451,3
5453,0
5454,2
5455,1
5456,2
5457,0
5458,3
5459,1
5460,1
5461,2
5462,0
5463,0
5464,2
5465,3
5466,1
5467,0
5468,2
5469,1
5470,3
5471,3
5472,2
5473,1
5474,3
5475,1
5476,0
5477,1
5478,0
5479,2
5480,2
5481,1
5482,2
5483,0
5484,2
5485,1
5486,3
5488,2
5489,0
5490,0
5491,2
5492,1
5493,2
5494,3
5495,3
5496,3
5497,0
5498,2
5499,2
5500,0
5501,2
5502,1
5503,0
5504,1
5505,2
5506,0
5507,2
5508,2
5509,1
5510,1
5512,2
5513,1
5514,1
5515,1
5516,1
5517,0
5518,1
5519,2
5520,1
5521,1
5522,3
5523,1
5524,2
5525,1
5526,2
5527,2
5528,2
5529,1
5530,1
5531,1
5532,1
5533,1
5534,1
5535,0
5536,1
5537,1
5538,0
5539,0
5540,1
5541,3
5542,0
5543,2
5544,1
5545,3
5546,1
5547,0
5548,1
5549,1
5550,1
5551,1
5552,1
5553,1
5554,3
5555,1
5556,0
5557,1
5558,2
5560,3
5561,2
5562,2
5563,2
5564,2
5565,1
5566,2
5567,2
5568,0
5569,3
5572,1
5573,0
5574,2
5575,1
5576,2
5577,1
5578,1
5579,0
5580,1
5581,1
5582,1
5583,0
5584,2
5585,0
5586,0
5587,2
5588,1
5589,2
5590,1
5591,1
5592,1
5593,1
5594,3
5596,1
5597,1
5598,3
5599,1
5600,2
5601,2
5602,1
5603,0
5604,1
5605,1
5606,2
5607,2
5608,1
5609,2
5610,0
5611,1
5613,3
5614,3
5615,1
5616,1
5617,1
5618,0
5619,0
5620,1
5621,1
5622,2
5623,1
5624,0
5625,0
5626,3
5627,1
5628,2
5629,1
5630,1
5631,3
5632,3
5633,2
5634,0
5635,2
5637,1
5638,0
5639,1
5641,2
5643,2
5644,1
5645,2
5646,2
5647,3
5648,3
5649,1
5650,3
5651,1
5652,1
5653,3
5654,1
5655,3
5656,1
5657,3
5658,1
5659,1
5660,3
5661,1
5662,1
5663,1
5664,3
5666,2
5667,2
5668,1
5669,1
5670,3
5671,3
5672,1
5673,1
5674,0
5675,1
5676,1
5677,1
5678,1
5679,1
5680,1
5681,3
5682,2
5683,0
5684,3
5686,2
5687,3
5688,2
5689,2
5690,1
5692,1
5693,3
5694,0
5695,2
5696,1
5697,0
5698,1
5699,1
5700,0
5701,2
5702,0
5703,1
5704,3
5705,1
5706,2
5707,1
5708,2
5709,1
5711,0
5712,1
5713,2
5714,2
5715,1
5716,2
5718,0
5719,1
5720,3
5721,0
5722,1
5723,0
5724,0
5725,3
5726,1
5727,1
5728,1
5730,2
5731,1
5732,1
5733,2
5734,0
5735,0
5736,1
5737,1
5738,1
5739,1
5740,1
5741,3
5742,2
5743,1
5744,1
5745,2
5746,2
5747,1
5749,3
5750,1
5751,1
5752,1
5753,2
5754,2
5755,1
5756,3
5757,2
5758,2
5759,1
5760,2
5761,1
5762,1
5763,0
5764,2
5765,1
5766,1
5767,3
5768,1
5769,1
5771,1
5772,1
5773,0
5774,2
5775,1
5776,0
5777,3
5778,1
5779,1
5780,1
5781,0
5782,1
5783,3
5784,1
5785,0
5786,2
5787,0
5788,2
5789,1
5790,2
5791,2
5792,1
5793,3
5794,1
5795,2
5796,2
5797,1
5798,1
5799,1
5800,0
5801,1
5802,0
5803,2
5804,1
5805,0
5806,1
5807,3
5808,0
5809,2
5810,1
5811,2
5812,3
5814,1
5815,1
5816,3
5817,1
5818,2
5819,1
5820,2
5821,0
5822,1
5823,2
5824,1
5825,2
5826,1
5827,2
5828,0
5829,0
5830,0
5831,2
5832,3
5833,0
5835,2
5836,2
5837,1
5838,0
5839,3
5840,2
5841,3
5842,3
5843,1
5844,1
5845,1
5847,3
5848,2
5849,3
5850,3
5851,3
5852,1
5853,1
5854,3
5855,1
5856,3
5857,1
5858,0
5859,1
5860,1
5861,1
5862,1
5863,2
5865,1
5866,1
5868,1
5869,2
5870,1
5871,2
5872,1
5873,2
5874,2
5876,0
5877,3
5879,1
5880,1
5881,1
5882,2
5883,2
5884,0
5885,1
5887,2
5888,3
5889,0
5890,2
5891,1
5892,3
5893,2
5894,2
5895,0
5896,2
5897,3
5898,2
5899,1
5900,1
5901,1
5902,1
5903,0
5904,1
5905,1
5906,1
5907,1
5909,2
5910,1
5911,0
5913,1
5914,1
5916,0
5917,0
5918,3
5919,1
5920,1
5921,1
5922,0
5923,1
5924,0
5925,0
5926,0
5927,3
5928,1
5929,0
5930,2
5931,1
5932,1
5933,2
5934,1
5935,1
5936,2
5937,2
5938,3
5939,1
5940,3
5941,1
5942,1
5943,0
5944,3
5945,3
5946,0
5947,0
5948,1
5949,1
5950,2
5951,1
5952,2
5953,1
5954,0
5955,2
5956,1
5958,1
5959,2
5960,1
5961,2
5962,3
5963,1
5964,0
5965,3
5966,0
5967,2
5968,1
5969,1
5970,3
5971,3
5972,3
5973,1
5974,3
5975,1
5976,2
5977,2
5978,1
5979,2
5980,3
5981,2
5982,1
5983,0
5984,0
5985,1
5986,3
5987,0
5988,1
5989,2
5990,2
5991,3
5993,0
5994,2
5995,1
5996,3
5997,1
5999,2
6000,2
6001,3
6002,0
6003,2
6004,1
6006,1
6007,3
6008,1
6009,1
6010,2
6011,0
6013,3
6014,2
6015,3
6016,1
6017,1
6018,2
6020,2
6021,0
6022,1
6023,2
6024,3
6025,1
6027,1
6028,1
6029,1
6031,3
6032,2
6033,0
6034,2
6035,2
6036,2
6037,1
6038,1
6039,2
6040,1
6041,0
6042,1
6043,1
6044,2
6045,3
6046,1
6047,1
6048,1
6049,0
6050,1
6051,1
6052,1
6053,0
6054,1
6055,2
6056,1
6058,1
6059,2
6060,0
6061,1
6062,1
6063,3
6064,2
6067,1
6068,1
6069,2
6070,2
6071,1
6072,1
6073,2
6074,3
6076,2
6077,2
6078,1
6079,1
6080,1
6081,0
6082,2
6084,1
6085,0
6086,1
6087,3
6088,0
6089,1
6090,1
6091,1
6092,2
6093,2
6094,1
6095,0
6096,2
6097,1
6098,1
6099,1
6100,0
6101,1
6102,1
6104,1
6105,1
6106,0
6107,1
6108,1
6109,2
6110,2
6112,2
6113,2
6115,0
6116,2
6117,3
6118,1
6119,1
6120,1
6121,2
6122,2
6123,0
6125,0
6126,1
6127,2
6128,3
6129,2
6130,0
6131,1
6132,0
6133,1
6134,1
6135,1
6136,1
6137,1
6138,3
6139,0
6140,1
6141,3
6142,3
6143,2
6144,3
6145,0
6146,1
6147,1
6148,2
6149,2
6150,0
6151,1
6152,2
6153,3
6154,1
6155,1
6156,0
6157,2
6158,1
6159,1
6160,1
6161,1
6162,0
6163,1
6165,1
6166,2
6167,2
6168,0
6169,1
6170,0
6171,0
6172,1
6173,1
6174,3
6175,1
6176,0
6177,3
6178,2
6179,1
6180,0
6181,3
6182,1
6183,2
6184,0
6185,1
6186,0
6187,1
6188,2
6189,1
6190,1
6191,1
6192,3
6193,1
6194,1
6195,1
6196,0
6197,2
6198,1
6199,2
6200,0
6201,1
6202,1
6203,1
6204,1
6205,1
6206,2
6207,3
6208,1
6209,3
6210,1
6211,1
6212,3
6213,2
6214,0
6215,1
6216,1
6217,1
6218,1
6219,0
6220,0
6221,2
6222,0
6223,1
6224,3
6225,1
6226,3
6227,0
6228,0
6229,3
6230,1
6231,2
6232,3
6233,3
6235,0
6236,3
6237,3
6238,3
6239,1
6240,0
6241,2
6242,2
6243,1
6244,1
6245,1
6246,1
6247,2
6248,1
6249,1
6250,0
6251,0
6252,1
6253,2
6254,3
6255,1
6256,1
6257,2
6258,2
6259,2
6260,0
6261,1
6262,3
6263,1
6264,1
6265,1
6266,3
6267,1
6268,1
6269,2
6270,1
6271,3
6272,2
6273,3
6275,1
6276,1
6277,1
6278,1
6279,3
6280,0
6281,1
6282,1
6283,1
6284,1
6285,0
6286,0
6287,1
6288,2
6289,1
6290,1
6291,1
6292,0
6293,1
6294,1
6295,3
6296,1
6297,0
6298,2
6299,3
6300,1
6301,1
6302,1
6303,0
6304,0
6305,3
6306,1
6307,2
6309,1
6310,1
6311,1
6312,2
6313,1
6315,0
6317,1
6318,0
6319,2
6320,3
6321,1
6322,2
6323,1
6324,1
6325,0
6327,2
6328,3
6330,2
6331,2
6332,1
6333,1
6334,2
6335,1
6336,2
6337,1
6338,2
6339,1
6340,2
6341,2
6342,0
6343,1
6344,0
6345,1
6346,3
6347,0
6348,1
6349,2
6350,1
6351,3
6352,1
6353,3
6354,2
6355,3
6356,2
6357,1
6358,1
6359,1
6360,0
6361,2
6362,1
6363,0
6364,1
6366,1
6367,2
6368,2
6370,3
6371,1
6372,0
6373,3
6374,2
6375,1
6376,2
6377,2
6378,0
6379,1
6380,1
6381,2
6382,1
6383,1
6384,1
6385,3
6386,3
6388,3
6389,0
6390,2
6391,2
6392,2
6393,3
6394,2
6395,3
6396,1
6397,0
6398,1
6399,2
6400,1
6401,1
6402,3
6403,0
6404,0
6405,1
6406,2
6407,0
6409,2
6410,3
6411,2
6412,1
6413,0
6414,2
6415,1
6416,3
6417,2
6419,2
6420,2
6421,0
6422,1
6423,0
6424,3
6425,3
6427,2
6428,2
6429,1
6430,1
6431,2
6432,2
6433,3
6434,0
6435,3
6436,0
6437,1
6438,0
6439,3
6440,2
6441,2
6442,2
6443,1
6444,1
6445,1
6446,1
6447,2
6448,2
6449,1
6450,1
6451,1
6452,2
6453,3
6454,2
6455,1
6456,1
6457,1
6458,1
6459,1
6461,1
6462,0
6463,0
6464,2
6465,1
6466,3
6467,1
6468,1
6469,3
6470,2
6471,3
6472,1
6473,3
6474,2
6475,1
6476,1
6477,2
6478,3
6479,2
6480,3
6481,1
6482,1
6484,1
6485,1
6486,3
6487,2
6488,2
6489,3
6491,2
6492,2
6493,1
6494,1
6495,3
6496,2
6497,0
6499,1
6500,1
6501,1
6502,2
6503,2
6504,3
6505,2
6506,1
6507,2
6508,1
6509,0
6510,0
6511,0
6512,2
6513,2
6514,2
6515,2
6516,1
6517,3
6518,0
6519,2
6520,0
6521,2
6522,0
6523,0
6525,2
6526,3
6528,0
6529,1
6530,2
6531,1
6532,2
6534,3
6535,1
6536,3
6537,2
6538,2
6539,1
6540,0
6541,1
6542,1
6543,1
6544,1
6545,1
6546,2
6547,3
6549,1
6550,0
6553,3
6554,2
6555,1
6556,1
6557,0
6558,1
6559,3
6560,2
6561,1
6562,0
6563,3
6564,1
6565,0
6566,1
6567,1
6568,1
6570,1
6571,0
6572,1
6573,3
6574,3
6575,0
6576,3
6577,1
6579,1
6580,1
6581,0
6582,3
6583,1
6584,1
6585,2
6586,1
6587,0
6589,1
6590,2
6591,2
6592,2
6593,2
6594,1
6595,1
6596,2
6597,1
6598,1
6599,2
6600,0
6601,2
6602,3
6603,2
6604,1
6605,3
6606,0
6607,1
6608,0
6609,1
6610,2
6611,1
6612,2
6613,1
6614,1
6617,0
6618,3
6619,0
6621,1
6622,3
6623,1
6624,1
6625,1
6626,3
6627,1
6628,1
6629,1
6630,2
6631,3
6632,3
6633,1
6635,2
6636,1
6637,2
6638,2
6639,2
6640,1
6641,1
6643,2
6645,1
6646,2
6647,1
6648,1
6649,2
6651,3
6652,1
6653,0
6655,3
6656,2
6657,3
6659,1
6661,1
6662,2
6663,0
6664,1
6665,1
6666,0
6667,1
6668,1
6670,0
6671,3
6672,0
6673,0
6674,1
6675,2
6676,1
6677,2
6678,1
6679,1
6681,1
6682,2
6683,0
6684,1
6686,1
6687,3
6688,1
6689,2
6690,1
6691,2
6692,2
6693,1
6694,1
6695,1
6696,0
6697,1
6698,1
6699,1
6700,2
6701,0
6702,1
6703,1
6704,2
6705,1
6706,1
6707,3
6708,1
6709,3
6710,0
6711,1
6712,2
6713,0
6714,0
6715,1
6716,1
6717,2
6718,3
6719,3
6720,2
6721,1
6722,1
6723,1
6724,1
6725,1
6726,3
6727,2
6728,2
6729,1
6730,2
6731,0
6732,2
6733,3
6734,2
6735,2
6736,0
6737,3
6739,0
6740,1
6741,1
6742,0
6743,1
6744,2
6745,3
6746,1
6747,3
6748,1
6749,1
6750,3
6751,1
6752,2
6753,0
6754,0
6755,2
6756,1
6757,1
6758,2
6759,1
6760,3
6761,1
6762,0
6763,2
6764,0
6765,0
6766,0
6767,3
6768,1
6769,0
6770,1
6771,1
6772,1
6773,2
6774,1
6775,1
6776,2
6777,1
6778,2
6779,3
6780,3
6781,1
6783,2
6784,2
6785,1
6787,0
6788,0
6789,1
6790,1
6791,0
6792,1
6793,1
6794,2
6795,1
6796,3
6797,2
6798,3
6799,3
6800,2
6801,0
6802,1
6803,1
6804,1
6805,2
6806,1
6807,2
6808,0
6809,1
6810,2
6812,1
6813,1
6814,0
6815,1
6816,1
6817,1
6818,2
6819,1
6820,1
6821,1
6822,0
6823,1
6825,2
6826,2
6827,3
6828,1
6829,1
6830,1
6831,2
6832,3
6833,3
6834,1
6835,1
6836,2
6837,1
6838,1
6840,3
6841,3
6842,0
6843,3
6844,1
6845,0
6846,0
6847,3
6848,1
6849,2
6850,1
6851,2
6852,1
6853,0
6854,2
6856,3
6857,0
6858,2
6859,1
6860,3
6861,1
6862,1
6863,1
6864,3
6865,2
6866,1
6867,2
6868,0
6869,0
6870,1
6871,0
6873,1
6874,1
6875,1
6876,1
6877,1
6878,1
6879,2
6880,1
6881,2
6882,2
6883,2
6884,1
6885,3
6886,2
6887,3
6888,1
6889,0
6890,2
6891,0
6893,1
6894,2
6895,0
6896,1
6897,0
6898,1
6899,1
6900,1
6901,1
6902,0
6903,1
6904,2
6905,0
6906,1
6907,1
6908,0
6909,3
6910,0
6911,1
6912,1
6913,2
6914,2
6915,3
6916,2
6917,2
6918,3
6919,2
6920,0
6921,2
6922,1
6923,0
6924,1
6925,1
6926,2
6927,3
6928,1
6929,2
6930,1
6931,3
6932,1
6933,0
6934,1
6935,1
6936,1
6937,1
6938,2
6939,2
6940,1
6941,2
6942,1
6943,2
6944,1
6945,0
6946,0
6947,0
6948,0
6949,2
6950,2
6951,1
6952,1
6953,1
6954,1
6955,1
6956,3
6957,2
6958,1
6959,3
6960,2
6961,0
6962,3
6963,3
6964,3
6965,3
6966,2
6967,1
6968,1
6969,1
6970,1
6971,3
6972,2
6973,1
6974,1
6975,2
6976,1
6977,1
6978,2
6979,2
6980,1
6981,1
6982,1
6983,1
6984,1
6985,2
6986,0
6987,0
6988,1
6989,1
6990,1
6991,1
6993,1
6994,1
6995,0
6996,0
6997,1
6998,2
6999,1
7000,1
7001,0
7002,2
7003,3
7004,1
7005,1
7006,3
7007,1
7008,2
7009,2
7010,1
7011,0
7012,1
7013,1
7014,1
7015,0
7016,2
7017,2
7018,0
7019,1
7020,0
7021,3
7022,0
7023,2
7024,1
7025,2
7026,1
7027,0
7028,2
7029,3
7030,1
7031,1
7032,1
7033,2
7034,2
7035,1
7036,2
7037,0
7038,1
7039,2
7040,1
7041,1
7042,0
7043,1
7044,2
7045,2
7046,1
7047,1
7048,2
7049,2
7050,1
7051,0
7052,3
7053,1
7055,2
7056,0
7057,3
7058,1
7059,3
7060,1
7062,0
7063,2
7064,1
7065,1
7066,1
7067,3
7068,1
7069,1
7070,1
7071,0
7072,0
7073,1
7074,0
7076,1
7077,1
7078,2
7079,1
7080,1
7081,0
7083,0
7084,3
7085,2
7086,0
7088,2
7089,2
7090,1
7091,2
7092,0
7093,1
7094,1
7095,1
7096,2
7097,2
7099,1
7100,1
7101,0
7102,2
7103,0
7104,1
7105,2
7106,2
7107,1
7108,0
7109,2
7110,1
7111,1
7112,0
7113,2
7114,0
7115,3
7116,2
7117,1
7118,3
7119,2
7120,0
7121,0
7122,1
7123,1
7124,2
7125,1
7126,0
7127,1
7128,3
7129,1
7130,1
7131,2
7132,1
7133,2
7134,2
7135,1
7136,0
7137,1
7138,1
7139,1
7140,0
7141,3
7142,3
7143,0
7144,0
7145,2
7146,3
7147,1
7148,1
7149,1
7150,2
7151,1
7152,0
7154,1
7155,1
7156,1
7157,1
7158,1
7159,1
7160,1
7161,2
7162,1
7163,1
7164,2
7165,0
7166,0
7167,1
7168,0
7169,1
7170,1
7171,2
7172,2
7173,2
7174,3
7175,3
7176,0
7177,0
7178,2
7179,1
7180,2
7181,1
7183,1
7184,3
7185,1
7186,0
7187,1
7188,1
7189,3
7190,0
7191,1
7192,1
7193,1
7194,0
7195,1
7196,1
7197,1
7198,1
7200,2
7201,1
7202,1
7204,0
7205,0
7206,2
7207,1
7208,3
7209,0
7210,0
7211,2
7212,3
7213,2
7214,3
7216,2
7217,1
7218,2
7219,1
7220,1
7221,2
7222,2
7223,0
7224,1
7225,1
7226,1
7227,3
7228,1
7229,0
7230,1
7231,3
7232,2
7233,0
7234,1
7235,2
7236,2
7237,1
7238,2
7240,2
7241,1
7242,3
7243,0
7244,3
7245,1
7246,1
7247,3
7248,3
7249,1
7250,0
7251,2
7252,1
7253,3
7254,1
7255,1
7256,2
7257,1
7258,2
7259,1
7260,1
7261,3
7263,1
7264,1
7265,3
7266,1
7267,2
7268,2
7270,1
7271,1
7272,2
7273,1
7274,3
7275,2
7276,1
7277,1
7278,1
7279,1
7280,3
7282,1
7283,3
7284,1
7285,1
7286,0
7287,3
7288,1
7289,2
7290,0
7292,1
7293,3
7294,1
7295,0
7296,1
7297,0
7298,1
7299,2
7300,1
7301,1
7302,1
7303,1
7305,1
7306,0
7307,0
7308,0
7309,2
7310,2
7311,0
7312,0
7313,1
7314,0
7315,1
7316,1
7317,2
7318,2
7319,1
7320,2
7322,2
7323,1
7324,1
7325,1
7326,0
7327,2
7328,3
7329,1
7330,1
7331,0
7332,3
7333,3
7335,3
7336,1
7337,2
7338,1
7339,1
7340,1
7342,0
7343,2
7344,2
7345,1
7346,2
7347,0
7348,2
7350,1
7351,0
7352,2
7353,1
7354,1
7355,3
7356,1
7357,2
7358,1
7359,1
7360,1
7361,1
7362,2
7363,1
7364,0
7365,1
7366,2
7367,1
7368,1
7369,1
7370,0
7371,2
7373,1
7374,1
7375,1
7377,1
7378,3
7379,2
7380,1
7381,1
7382,1
7383,2
7384,1
7385,2
7387,1
7388,3
7389,1
7391,1
7392,2
7393,1
7394,1
7395,1
7396,1
7397,1
7398,2
7399,1
7400,0
7401,1
7402,3
7403,0
7404,1
7405,1
7406,0
7407,1
7408,0
7409,1
7410,1
7411,1
7412,0
7413,1
7414,2
7415,2
7416,3
7417,1
7418,1
7419,1
7420,0
7421,2
7422,3
7424,1
7425,0
7426,1
7427,3
7428,0
7430,2
7431,3
7432,1
7433,1
7434,1
7435,2
7436,2
7437,1
7438,0
7439,1
7440,0
7441,2
7442,1
7443,3
7444,0
7445,3
7446,0
7447,0
7448,3
7449,1
7450,1
7451,0
7452,0
7453,0
7454,1
7455,3
7456,0
7457,1
7458,0
7459,0
7460,2
7461,3
7462,0
7463,3
7464,2
7465,1
7466,2
7467,1
7468,3
7470,1
7472,2
7473,1
7474,1
7475,2
7476,2
7477,1
7478,3
7479,1
7480,2
7481,0
7482,0
7483,2
7484,1
7485,0
7486,2
7488,3
7489,1
7490,0
7491,1
7492,1
7493,1
7494,3
7495,2
7496,0
7497,0
7498,3
7499,0
7500,2
7501,3
7502,1
7504,0
7505,2
7506,3
7507,0
7509,2
7510,1
7511,1
7512,3
7513,0
7514,3
7515,3
7516,1
7517,2
7518,2
7519,2
7520,0
7521,2
7522,1
7523,2
7524,1
7525,1
7526,3
7527,1
7528,2
7529,0
7530,2
7531,0
7532,0
7533,0
7534,0
7535,1
7536,2
7537,0
7538,0
7539,1
7540,0
7541,2
7542,0
7543,3
7544,1
7545,0
7546,2
7547,1
7548,1
7549,2
7550,2
7551,2
7552,3
7553,1
7554,3
7555,1
7556,1
7557,0
7558,1
7559,2
7560,1
7561,3
7562,2
7563,2
7564,3
7565,1
7566,1
7567,1
7568,1
7569,1
7570,1
7571,1
7573,0
7574,1
7575,1
7576,0
7577,1
7578,1
7579,1
7580,2
7581,2
7582,1
7583,0
7584,1
7585,0
7587,1
7588,3
7589,1
7590,2
7591,1
7592,1
7593,1
7594,1
7595,2
7596,0
7597,2
7598,3
7599,2
7600,0
7601,1
7602,1
7603,1
7604,2
7605,2
7606,2
7607,2
7608,1
7609,1
7610,2
7611,2
7612,1
7613,0
7614,1
7615,1
7616,1
7617,2
7618,2
7619,2
7620,1
7621,1
7622,0
7623,2
7624,0
7625,0
7626,2
7627,0
7628,1
7629,1
7630,0
7631,0
7633,1
7634,2
7635,0
7636,0
7637,2
7638,2
7639,2
7641,2
7642,1
7643,2
7644,2
7645,1
7646,2
7647,2
7648,1
7649,3
7650,3
7651,0
7652,1
7653,1
7654,3
7655,1
7656,2
7657,3
7659,0
7660,1
7661,2
7662,0
7663,0
7664,2
7665,1
7666,0
7667,1
7668,1
7669,3
7670,2
7671,0
7672,0
7674,2
7675,0
7676,0
7677,2
7678,0
7679,3
7680,1
7682,1
7683,3
7684,3
7685,2
7686,1
7687,1
7688,2
7689,0
7690,1
7691,1
7692,1
7693,2
7694,2
7695,2
7696,0
7697,0
7698,0
7699,1
7700,0
7701,1
7702,2
7703,1
7704,2
7705,2
7706,1
7707,1
7708,1
7709,3
7710,2
7711,0
7712,0
7713,1
7714,1
7715,1
7716,1
7717,0
7718,1
7719,2
7720,1
7721,2
7722,2
7723,1
7724,2
7725,0
7727,2
7728,1
7729,1
7730,3
7731,0
7732,1
7733,1
7734,1
7735,2
7736,1
7738,2
7739,0
7740,3
7741,2
7743,0
7744,1
7746,3
7747,1
7748,0
7749,1
7750,2
7751,0
7752,0
7753,3
7754,0
7755,1
7756,0
7757,0
7758,3
7759,2
7760,0
7761,2
7762,0
7763,1
7764,0
7765,2
7766,0
7767,0
7768,3
7769,1
7771,2
7772,3
7773,1
7775,0
7776,1
7777,1
7778,0
7779,2
7780,0
7781,0
7782,2
7783,0
7784,1
7785,1
7786,0
7787,1
7788,2
7789,1
7790,2
7791,0
7792,0
7794,0
7795,3
7796,1
7797,1
7798,1
7800,1
7801,2
7802,1
7803,0
7804,1
7805,2
7806,1
7807,1
7808,0
7809,0
7810,2
7811,3
7812,1
7813,2
7814,1
7815,1
7816,2
7817,2
7818,0
7819,1
7820,3
7821,3
7822,0
7823,1
7824,3
7825,0
7826,1
7827,2
7828,1
7830,1
7831,2
7832,1
7833,2
7834,1
7836,0
7837,1
7838,1
7839,2
7840,3
7841,2
7842,2
7843,2
7844,1
7845,1
7848,1
7849,1
7851,2
7852,3
7853,2
7854,2
7855,3
7856,0
7857,0
7858,1
7859,2
7861,2
7862,3
7863,2
7864,0
7865,3
7866,3
7867,2
7868,1
7869,1
7870,1
7871,1
7872,2
7873,0
7874,3
7875,1
7876,1
7877,1
7878,1
7879,0
7880,1
7881,1
7882,1
7883,1
7884,1
7885,1
7886,0
7887,3
7888,0
7889,2
7890,0
7891,3
7892,3
7893,0
7894,2
7895,1
7896,2
7897,2
7898,1
7899,1
7900,1
7901,0
7902,2
7903,2
7904,1
7905,0
7906,2
7907,0
7908,1
7909,2
7910,1
7911,3
7912,1
7913,2
7914,1
7915,3
7916,0
7917,1
7918,0
7919,2
7920,1
7921,2
7922,3
7923,0
7924,2
7925,1
7926,1
7927,2
7928,2
7929,1
7930,0
7931,1
7933,1
7934,1
7935,1
7936,1
7937,2
7938,0
7939,0
7940,1
7941,1
7942,0
7943,1
7944,0
7945,1
7946,1
7947,2
7948,1
7949,2
7950,0
7951,2
7952,2
7953,1
7954,2
7955,1
7956,1
7957,0
7959,1
7960,1
7961,1
7963,2
7964,2
7965,2
7966,2
7967,3
7968,1
7969,1
7970,2
7971,1
7972,1
7973,2
7974,2
7975,1
7976,3
7977,0
7978,2
7979,1
7980,0
7981,1
7982,2
7983,1
7984,0
7985,2
7986,2
7987,1
7988,0
7989,1
7990,2
7991,3
7992,3
7994,0
7995,0
7996,3
7997,1
7998,1
7999,0
8000,1
8001,2
8002,1
8003,1
8004,1
8005,3
8006,0
8007,1
8008,1
8009,1
8010,2
8011,3
8012,1
8013,1
8014,2
8015,3
8016,0
8017,2
8018,2
8019,3
8020,2
8021,0
8022,1
8023,2
8024,1
8025,1
8026,0
8027,3
8028,3
8029,2
8030,2
8031,1
8032,1
8033,2
8034,3
8035,2
8036,2
8039,2
8040,2
8041,1
8042,1
8043,2
8044,3
8045,0
8046,0
8047,0
8048,0
8049,0
8050,2
8051,1
8052,3
8054,1
8056,2
8058,1
8059,2
8060,2
8061,2
8062,2
8063,1
8064,1
8066,2
8067,1
8068,0
8069,2
8070,1
8071,2
8072,2
8073,1
8074,1
8075,1
8076,0
8077,1
8078,0
8079,1
8080,0
8081,2
8082,1
8083,3
8084,1
8085,1
8086,2
8087,0
8088,0
8089,0
8090,1
8091,2
8093,1
8095,3
8096,2
8097,1
8098,1
8099,2
8100,3
8101,1
8102,1
8103,1
8104,0
8105,1
8106,2
8107,3
8108,3
8109,0
8110,2
8112,1
8113,0
8115,1
8116,1
8117,1
8118,3
8119,1
8120,3
8121,2
8122,1
8123,2
8124,0
8125,1
8126,1
8127,0
8128,1
8129,1
8130,3
8131,1
8132,2
8133,0
8134,2
8135,1
8136,0
8137,1
8138,3
8139,2
8140,2
8142,1
8143,3
8144,0
8145,1
8146,2
8147,2
8148,1
8149,2
8150,1
8152,2
8153,1
8154,0
8155,3
8156,1
8157,2
8158,2
8159,1
8160,1
8161,2
8162,1
8164,1
8165,2
8166,1
8167,1
8168,1
8169,3
8170,1
8171,1
8172,2
8173,0
8174,2
8175,2
8176,2
8177,0
8178,3
8179,0
8180,3
8181,1
8182,3
8183,0
8184,2
8185,0
8186,2
8187,0
8188,1
8189,3
8190,0
8191,1
8192,1
8194,3
8195,0
8196,1
8197,3
8198,0
8199,2
8200,0
8201,2
8202,2
8203,2
8204,1
8205,1
8206,1
8207,1
8208,1
8209,1
8210,1
8211,1
8212,3
8213,3
8214,0
8215,1
8216,2
8217,0
8218,0
8219,2
8220,2
8221,1
8222,1
8223,1
8224,2
8225,1
8226,1
8228,3
8229,1
8230,1
8231,1
8232,1
8234,1
8235,1
8236,1
8237,2
8238,1
8239,2
8240,2
8241,1
8242,1
8243,1
8244,0
8245,1
8246,2
8247,2
8248,1
8249,1
8250,0
8251,0
8252,2
8253,3
8254,1
8258,2
8259,2
8260,1
8261,3
8262,1
8263,1
8264,0
8265,1
8266,2
8267,1
8268,2
8269,2
8270,0
8271,1
8272,0
8273,1
8274,1
8275,1
8276,1
8277,1
8278,1
8280,1
8281,1
8282,1
8283,1
8284,3
8285,2
8286,3
8287,1
8288,2
8289,3
8291,1
8292,2
8293,0
8294,3
8295,0
8296,0
8297,1
8298,0
8299,1
8300,2
8301,0
8302,2
8303,1
8304,1
8305,2
8306,1
8307,1
8308,1
8309,0
8310,1
8311,2
8312,1
8313,1
8314,3
8316,1
8317,0
8318,1
8320,2
8321,2
8322,0
8323,1
8325,2
8326,0
8327,3
8328,0
8329,2
8330,1
8331,0
8332,0
8333,2
8334,2
8335,2
8336,0
8337,1
8338,0
8339,1
8340,1
8341,2
8342,2
8343,2
8344,2
8345,2
8346,2
8347,2
8348,1
8349,0
8350,3
8351,2
8352,0
8353,0
8354,2
8355,1
8356,2
8357,1
8358,1
8359,1
8360,1
8361,2
8362,1
8363,1
8365,1
8366,1
8367,2
8368,3
8369,2
8370,2
8371,3
8372,2
8373,1
8374,1
8375,2
8376,2
8377,2
8378,1
8379,1
8380,0
8381,1
8382,1
8383,0
8384,1
8386,1
8387,3
8388,2
8389,3
8390,1
8392,2
8393,1
8394,1
8395,1
8396,2
8397,3
8398,1
8399,2
8400,1
8401,1
8402,1
8403,1
8404,0
8405,0
8406,1
8407,2
8408,2
8409,2
8410,2
8411,1
8412,3
8413,1
8414,3
8415,1
8416,1
8417,2
8418,2
8419,2
8420,1
8421,1
8422,1
8423,1
8424,3
8425,1
8426,3
8427,0
8428,1
8430,0
8431,1
8432,2
8433,1
8434,2
8435,1
8436,3
8437,0
8438,1
8440,0
8441,3
8442,1
8443,2
8445,0
8446,1
8447,2
8448,2
8449,2
8450,1
8451,1
8453,1
8454,1
8455,3
8456,3
8457,1
8458,1
8459,0
8460,2
8461,0
8462,1
8463,1
8464,1
8465,1
8466,2
8467,0
8468,3
8470,0
8471,1
8472,3
8474,3
8475,2
8476,1
8477,0
8478,3
8479,1
8480,2
8481,1
8482,1
8484,1
8485,1
8486,1
8487,1
8488,1
8489,2
8490,2
8491,0
8493,1
8494,1
8496,1
8498,0
8499,3
8500,2
8501,3
8502,2
8503,3
8504,1
8505,3
8506,1
8507,3
8508,2
8509,3
8510,3
8511,3
8512,3
8513,2
8514,0
8515,2
8516,1
8517,0
8518,0
8519,1
8520,1
8521,2
8522,1
8523,1
8524,3
8525,3
8526,1
8527,1
8528,1
8530,0
8531,1
8532,0
8534,3
8535,1
8537,1
8538,1
8539,2
8540,1
8541,3
8542,1
8543,2
8544,0
8545,0
8546,0
8547,0
8548,1
8549,2
8550,0
8551,2
8552,3
8553,2
8554,1
8555,0
8556,2
8557,0
8558,1
8559,1
8560,1
8561,2
8562,2
8563,3
8564,2
8565,1
8566,1
8567,0
8568,1
8569,1
8570,2
8571,2
8572,1
8573,1
8574,2
8575,2
8576,1
8577,1
8578,1
8579,0
8580,1
8581,1
8582,1
8583,2
8584,2
8585,0
8586,3
8587,0
8588,0
8589,2
8590,1
8591,1
8592,3
8593,1
8595,0
8596,2
8597,2
8598,2
8599,2
8600,2
8601,1
8602,3
8603,1
8604,2
8605,2
8606,2
8607,1
8608,3
8609,1
8610,1
8611,1
8612,1
8613,2
8614,1
8615,1
8616,3
8618,0
8620,1
8621,1
8622,2
8623,1
8624,1
8625,3
8626,1
8627,0
8628,1
8629,0
8630,2
8631,2
8632,0
8633,0
8634,3
8635,1
8636,1
8637,0
8638,1
8639,1
8640,1
8641,1
8642,0
8643,1
8644,2
8645,2
8646,3
8647,3
8648,2
8649,1
8650,2
8651,0
8652,2
8655,0
8656,3
8657,0
8658,1
8659,2
8660,1
8661,0
8662,3
8663,1
8664,2
8665,1
8666,0
8667,0
8668,2
8669,1
8670,2
8671,1
8672,1
8673,2
8674,1
8675,2
8676,0
8677,2
8678,2
8679,2
8680,2
8681,3
8682,2
8683,1
8684,3
8685,1
8686,1
8687,3
8688,1
8689,2
8690,2
8691,1
8692,3
8693,1
8694,1
8695,1
8696,1
8697,1
8698,3
8699,1
8700,1
8701,1
8702,2
8703,3
8704,1
8705,2
8706,0
8707,1
8709,1
8710,2
8711,1
8712,0
8713,2
8714,2
8715,1
8716,1
8717,0
8718,2
8719,1
8720,1
8721,1
8722,0
8723,2
8724,2
8725,1
8726,1
8727,2
8728,1
8729,0
8730,1
8732,0
8733,2
8734,3
8735,1
8736,1
8737,2
8738,2
8739,2
8740,1
8741,2
8742,0
8743,1
8744,1
8745,1
8746,1
8747,0
8748,1
8749,0
8750,0
8751,1
8752,2
8753,1
8754,1
8756,1
8758,3
8759,1
8760,1
8761,1
8762,1
8763,1
8764,1
8765,0
8766,1
8767,1
8768,1
8769,0
8770,3
8773,3
8774,0
8775,2
8776,1
8778,0
8779,0
8780,1
8781,1
8783,2
8784,2
8785,1
8786,1
8787,1
8788,3
8789,3
8790,2
8791,0
8792,1
8793,3
8794,3
8795,1
8796,0
8797,0
8798,1
8799,0
8800,1
8801,1
8802,1
8803,0
8804,1
8805,2
8806,0
8807,1
8808,0
8809,1
8810,1
8811,3
8812,1
8813,0
8814,0
8815,2
8816,0
8817,1
8818,2
8820,2
8822,0
8823,3
8825,1
8826,1
8827,2
8828,1
8829,2
8830,1
8831,0
8832,1
8833,2
8834,0
8835,1
8836,2
8837,1
8838,0
8839,2
8840,0
8841,2
8842,2
8843,2
8844,1
8845,1
8846,1
8847,1
8848,0
8850,1
8851,3
8852,1
8853,1
8854,1
8856,2
8857,2
8858,2
8859,2
8860,3
8861,1
8862,1
8863,0
8864,2
8866,0
8867,2
8868,1
8869,1
8870,1
8871,3
8872,1
8873,0
8874,1
8875,0
8876,0
8877,1
8878,1
8879,1
8880,1
8881,2
8882,1
8883,2
8884,1
8885,2
8886,1
8888,2
8889,0
8890,1
8891,3
8892,2
8893,1
8894,1
8895,3
8896,1
8897,0
8898,0
8899,2
8900,1
8901,2
8902,2
8903,2
8904,3
8905,2
8906,0
8907,2
8908,1
8909,1
8910,3
8911,2
8912,3
8913,3
8914,1
8915,2
8916,1
8917,2
8918,1
8920,1
8921,1
8922,1
8923,2
8925,1
8926,0
8927,0
8928,1
8929,3
8931,2
8932,2
8933,1
8934,1
8935,0
8936,1
8937,2
8938,0
8939,0
8940,0
8941,0
8942,3
8943,0
8944,1
8945,1
8946,0
8947,0
8948,1
8949,1
8950,3
8951,1
8952,1
8953,1
8954,1
8955,1
8956,1
8958,2
8960,1
8961,0
8962,1
8963,2
8964,0
8965,1
8966,1
8967,3
8968,0
8969,3
8970,1
8971,2
8972,2
8973,1
8974,1
8976,2
8977,3
8978,3
8979,2
8980,1
8981,1
8982,1
8983,0
8985,1
8986,1
8987,0
8988,3
8989,3
8990,1
8991,2
8992,1
8993,0
8994,2
8995,2
8996,2
8997,3
8998,1
8999,1
9000,0
9001,1
9002,1
9003,1
9004,1
9005,2
9006,0
9007,1
9008,2
9009,2
9010,0
9011,1
9012,0
9013,3
9014,1
9015,2
9016,2
9017,3
9018,1
9019,0
9020,1
9021,1
9022,3
9023,1
9024,1
9025,2
9026,2
9027,2
9028,0
9029,1
9030,3
9031,0
9032,1
9033,1
9035,3
9036,0
9037,2
9038,1
9039,1
9040,3
9041,2
9042,1
9043,1
9044,0
9045,0
9047,1
9049,2
9050,1
9051,2
9052,2
9053,0
9054,0
9055,1
9056,3
9057,0
9058,0
9059,2
9060,1
9061,2
9062,0
9063,1
9064,0
9065,0
9066,1
9067,0
9068,0
9069,1
9070,0
9071,2
9072,1
9073,1
9074,1
9075,1
9076,0
9077,1
9078,3
9079,2
9080,2
9081,3
9082,1
9083,0
9084,1
9085,0
9086,0
9087,3
9088,0
9089,0
9090,1
9092,2
9093,1
9094,3
9095,0
9096,1
9097,1
9098,0
9099,2
9100,1
9101,0
9102,1
9103,1
9104,0
9105,1
9106,1
9107,1
9108,0
9109,0
9110,1
9111,3
9112,2
9113,2
9114,0
9115,1
9116,0
9117,3
9118,2
9119,2
9120,0
9121,1
9122,3
9123,2
9124,3
9125,1
9126,1
9127,1
9128,3
9129,1
9130,3
9131,2
9132,2
9135,3
9136,2
9137,1
9138,2
9140,1
9141,1
9146,1
9147,2
9148,0
9151,1
9152,2
9153,1
9155,1
9156,0
9157,0
9158,1
9159,2
9160,1
9161,3
9162,3
9164,1
9165,3
9166,2
9167,3
9168,1
9169,1
9170,0
9171,2
9173,3
9174,1
9175,1
9176,2
9177,3
9178,1
9179,1
9180,1
9181,2
9182,3
9183,3
9184,1
9185,0
9186,3
9187,1
9188,1
9189,3
9190,2
9191,2
9192,2
9193,2
9194,1
9195,3
9196,0
9197,1
9198,3
9199,2
9200,1
9201,2
9202,1
9203,1
9204,1
9205,1
9206,1
9207,1
9208,0
9209,3
9210,2
9211,0
9212,0
9214,3
9215,1
9216,1
9217,3
9219,3
9220,0
9221,2
9222,1
9223,1
9224,1
9225,2
9226,1
9227,2
9228,2
9229,1
9231,1
9232,0
9233,1
9234,1
9235,3
9236,1
9237,0
9238,1
9239,3
9241,0
9242,0
9243,3
9244,1
9245,0
9247,1
9248,0
9249,3
9250,1
9251,2
9252,1
9253,1
9254,0
9255,3
9256,1
9257,1
9258,3
9259,1
9260,3
9261,2
9262,2
9263,2
9264,1
9266,1
9267,3
9268,1
9269,3
9270,1
9271,2
9272,1
9273,1
9274,2
9275,3
9276,1
9277,1
9279,3
9280,1
9281,1
9283,2
9284,0
9285,2
9286,1
9287,2
9288,3
9289,1
9290,1
9291,1
9292,2
9293,0
9294,0
9295,2
9296,1
9297,1
9298,1
9299,2
9300,1
9302,2
9303,2
9304,3
9305,1
9306,1
9307,1
9308,2
9309,3
9310,1
9311,1
9312,1
9313,2
9314,1
9315,0
9316,2
9317,0
9318,0
9320,2
9321,3
9322,3
9323,3
9324,2
9325,3
9326,1
9327,1
9328,2
9329,1
9330,0
9331,1
9332,0
9335,0
9336,1
9337,2
9338,0
9339,0
9340,2
9341,2
9342,2
9343,2
9344,1
9345,2
9346,1
9347,1
9348,2
9349,2
9350,1
9351,2
9352,0
9353,2
9354,1
9355,0
9357,2
9358,3
9359,1
9360,0
9361,1
9362,1
9363,1
9365,3
9366,1
9367,1
9368,1
9369,0
9370,2
9371,0
9372,2
9373,2
9374,2
9375,0
9376,3
9377,1
9378,0
9380,1
9382,0
9383,3
9384,1
9385,0
9386,0
9387,3
9388,2
9389,1
9390,1
9391,1
9392,1
9393,0
9394,1
9395,1
9396,1
9397,2
9398,1
9399,2
9400,1
9401,0
9402,2
9403,0
9404,1
9405,2
9407,1
9408,0
9409,2
9410,1
9411,1
9412,1
9413,0
9414,2
9415,2
9416,0
9417,1
9418,3
9419,0
9420,1
9421,1
9422,3
9423,3
9424,1
9425,0
9426,1
9427,1
9429,2
9430,1
9432,1
9433,1
9434,1
9435,0
9437,1
9438,3
9439,3
9440,0
9441,2
9442,2
9444,2
9445,2
9446,2
9447,3
9449,2
9450,1
9451,0
9452,0
9453,2
9454,2
9455,3
9456,0
9457,2
9458,1
9459,0
9460,0
9461,1
9462,2
9463,2
9464,3
9465,2
9466,1
9467,2
9468,0
9469,0
9471,1
9472,1
9473,2
9474,0
9475,1
9476,2
9477,3
9479,2
9480,2
9481,2
9482,2
9483,0
9484,1
9485,1
9486,1
9487,1
9489,2
9490,1
9491,0
9492,2
9493,2
9494,3
9495,1
9496,1
9497,2
9498,2
9499,1
9500,1
9501,0
9502,1
9503,0
9504,3
9506,1
9507,1
9508,1
9509,1
9510,1
9511,1
9512,3
9513,0
9514,0
9515,0
9516,1
9517,1
9518,1
9519,1
9520,1
9521,1
9522,2
9523,2
9524,3
9525,2
9527,1
9528,0
9529,1
9530,0
9531,2
9532,2
9534,2
9535,2
9536,1
9537,1
9538,3
9539,2
9541,1
9542,1
9543,1
9545,0
9546,0
9547,1
9548,0
9549,1
9550,1
9551,3
9552,0
9553,1
9554,1
9555,0
9556,1
9557,3
9558,1
9559,0
9560,3
9561,2
9562,1
9563,1
9564,1
9565,1
9566,1
9567,1
9568,3
9569,1
9570,3
9571,1
9572,1
9573,1
9574,1
9575,2
9576,1
9577,1
9578,2
9579,1
9580,1
9581,0
9583,2
9584,1
9585,0
9586,1
9587,1
9588,0
9590,1
9591,1
9592,2
9593,1
9594,3
9595,0
9596,1
9597,1
9598,2
9599,1
9600,3
9601,2
9602,0
9603,3
9604,2
9605,1
9606,2
9607,0
9608,1
9609,1
9610,2
9612,2
9614,3
9615,1
9616,1
9617,1
9618,1
9619,2
9620,2
9621,1
9622,1
9623,3
9624,1
9625,2
9626,2
9627,2
9628,2
9629,1
9630,2
9631,1
9632,0
9633,1
9634,3
9635,2
9636,1
9637,1
9638,3
9639,2
9640,0
9641,1
9642,2
9644,1
9645,1
9646,1
9647,2
9648,1
9649,3
9650,3
9651,2
9652,2
9653,1
9654,2
9655,1
9656,0
9657,2
9658,2
9659,0
9660,2
9661,2
9662,1
9663,2
9664,2
9665,3
9666,3
9667,2
9668,2
9669,3
9670,0
9671,3
9672,2
9673,1
9674,2
9676,2
9677,3
9678,1
9679,1
9680,0
9681,2
9682,1
9683,1
9684,0
9685,3
9686,1
9687,2
9688,2
9689,0
9690,0
9692,3
9693,1
9694,0
9695,1
9696,2
9697,1
9698,2
9699,0
9700,1
9701,1
9702,2
9703,1
9704,0
9705,2
9706,1
9707,1
9708,2
9709,3
9710,1
9711,2
9712,1
9713,1
9714,0
9715,2
9716,1
9717,3
9718,1
9719,0
9720,2
9721,1
9722,1
9723,1
9724,1
9725,1
9726,2
9727,0
9728,1
9729,1
9730,1
9731,2
9732,0
9733,3
9734,2
9735,0
9736,1
9737,1
9738,3
9739,1
9740,2
9741,1
9742,2
9743,0
9744,2
9745,1
9746,1
9747,3
9748,2
9749,0
9750,0
9751,0
9752,0
9753,3
9755,2
9756,3
9757,2
9758,1
9759,2
9760,0
9761,1
9762,2
9763,3
9765,0
9766,1
9767,1
9768,2
9769,3
9770,0
9771,0
9772,2
9773,2
9774,0
9776,2
9777,1
9778,0
9779,1
9780,0
9781,1
9782,3
9783,2
9784,1
9785,1
9786,0
9787,1
9788,2
9789,1
9790,1
9791,1
9792,0
9793,0
9794,1
9796,3
9797,1
9798,2
9799,1
9800,1
9802,0
9803,0
9804,3
9805,0
9806,1
9807,2
9809,3
9810,1
9811,2
9812,2
9813,0
9814,3
9815,1
9816,3
9817,1
9818,3
9819,3
9820,2
9821,0
9822,0
9823,1
9825,2
9826,2
9827,2
9828,2
9829,1
9830,2
9831,1
9832,1
9833,2
9834,2
9835,2
9838,0
9839,0
9840,1
9841,1
9842,0
9843,1
9844,1
9845,0
9846,1
9847,2
9848,1
9849,1
9850,0
9851,3
9852,1
9853,1
9854,3
9855,1
9856,1
9857,1
9858,3
9859,2
9860,1
9861,1
9862,1
9864,3
9865,1
9866,1
9867,3
9868,0
9869,1
9870,2
9871,1
9872,0
9873,1
9874,0
9876,0
9877,1
9878,1
9879,0
9880,3
9881,2
9882,0
9883,3
9884,2
9885,2
9886,1
9887,2
9888,1
9889,3
9890,1
9891,0
9892,1
9893,1
9894,2
9895,1
9896,1
9897,3
9898,3
9899,2
9900,0
9901,2
9902,1
9903,0
9904,3
9905,1
9906,1
9907,2
9908,2
9909,1
9910,1
9911,0
9912,1
9913,3
9915,2
9916,3
9917,1
9918,1
9919,0
9920,1
9921,1
9922,1
9924,2
9926,1
9927,1
9928,2
9929,1
9930,0
9931,1
9932,1
9933,1
9934,2
9935,3
9936,2
9937,1
9938,1
9939,2
9941,3
9942,1
9943,0
9944,1
9945,1
9946,2
9947,2
9948,0
9949,1
9950,3
9951,2
9952,3
9953,2
9956,1
9957,0
9958,1
9959,0
9960,1
9961,1
9963,1
9964,1
9965,0
9967,1
9968,1
9969,1
9970,2
9971,3
9972,3
9973,3
9975,0
9976,3
9977,1
9979,2
9980,1
9981,2
9982,3
9983,3
9984,1
9985,1
9986,0
9987,0
9988,1
9989,2
9990,0
9991,1
9992,1
9993,2
9994,1
9995,2
9996,3
9997,1
9998,1
9999,3
10000,0
10001,2
10002,1
10003,0
10004,2
10005,0
10006,2
10007,1
10008,1
10009,2
10010,0
10011,2
10012,1
10013,0
10014,2
10015,3
10016,0
10017,2
10018,2
10019,1
10020,3
10021,1
10022,1
10023,0
10024,1
10025,2
10026,0
10027,1
10028,1
10029,2
10030,1
10031,3
10032,0
10033,0
10034,2
10035,2
10036,1
10037,1
10038,0
10039,0
10040,0
10042,1
10043,3
10044,1
10045,2
10046,1
10047,0
10048,1
10049,0
10050,3
10051,0
10052,0
10053,2
10054,0
10055,3
10058,1
10059,3
10060,1
10061,2
10062,1
10063,2
10064,1
10065,0
10066,1
10067,2
10068,3
10069,1
10070,1
10071,1
10072,0
10073,3
10074,0
10075,1
10077,3
10079,2
10080,2
10081,2
10082,2
10083,2
10084,2
10085,1
10086,1
10087,0
10088,1
10089,0
10090,1
10091,3
10092,1
10093,3
10094,3
10096,1
10097,1
10099,0
10101,2
10102,1
10103,2
10104,1
10106,1
10107,1
10108,1
10109,1
10110,1
10111,1
10112,1
10113,2
10114,1
10115,2
10116,1
10118,0
10119,2
10120,1
10121,1
10122,2
10123,1
10124,1
10125,3
10126,1
10127,2
10128,2
10129,2
10130,1
10131,2
10132,1
10133,3
10134,2
10136,1
10137,2
10138,3
10139,2
10140,1
10141,0
10142,1
10144,0
10145,2
10146,2
10147,1
10148,1
10149,1
10150,3
10151,2
10152,3
10153,1
10154,1
10155,1
10156,3
10157,2
10158,1
10159,3
10160,2
10161,2
10162,1
10163,3
10164,3
10165,1
10166,1
10167,1
10168,0
10169,3
10170,2
10171,3
10172,3
10173,0
10174,0
10175,2
10176,2
10177,1
10178,2
10179,0
10180,3
10181,2
10182,1
10183,2
10184,1
10185,1
10186,0
10187,1
10188,1
10189,0
10190,2
10191,1
10192,1
10193,1
10194,1
10195,1
10196,0
10197,1
10198,0
10199,1
10200,1
10201,0
10203,2
10204,0
10205,1
10207,1
10209,1
10210,3
10211,1
10212,3
10213,2
10214,1
10215,3
10216,3
10217,0
10218,1
10219,0
10220,0
10221,3
10222,0
10224,1
10225,1
10226,1
10227,2
10228,0
10229,1
10231,1
10232,1
10233,1
10234,0
10235,2
10236,1
10237,3
10238,1
10239,2
10240,1
10241,2
10242,2
10243,1
10244,3
10245,1
10246,3
10247,3
10248,1
10249,2
10250,0
10251,0
10252,1
10253,3
10254,1
10255,2
10256,1
10257,1
10258,2
10259,2
10260,1
10261,2
10262,3
10263,0
10265,0
10266,2
10267,3
10268,1
10269,0
10270,1
10271,1
10272,1
10273,0
10274,2
10275,1
10276,1
10277,1
10278,0
10279,3
10280,1
10281,1
10282,0
10283,1
10284,1
10285,2
10286,1
10287,3
10288,1
10289,1
10290,1
10291,1
10292,0
10293,0
10294,1
10295,1
10296,1
10297,1
10298,1
10299,3
10300,1
10302,1
10303,1
10304,1
10305,3
10306,2
10307,3
10308,1
10310,1
10311,0
10312,3
10313,0
10315,1
10316,3
10317,1
10318,3
10319,0
10320,2
10321,2
10322,1
10323,3
10324,1
10325,3
10326,1
10327,2
10328,1
10330,0
10331,1
10333,1
10334,1
10335,0
10336,2
10337,2
10338,3
10339,1
10340,1
10341,2
10342,2
10343,1
10344,1
10345,0
10346,1
10347,3
10348,1
10349,2
10350,1
10351,2
10352,1
10353,2
10354,1
10355,1
10356,0
10357,1
10359,2
10360,2
10361,2
10362,1
10363,3
10364,3
10365,2
10366,2
10367,0
10368,1
10369,1
10370,1
10371,0
10372,0
10373,3
10374,0
10375,1
10376,3
10377,1
10378,2
10379,0
10380,2
10381,1
10382,0
10384,1
10385,2
10386,1
10387,1
10388,2
10389,0
10390,0
10391,1
10392,0
10393,2
10396,0
10397,1
10398,2
10399,0
10400,1
10401,1
10402,1
10403,1
10404,0
10405,1
10407,1
10408,2
10409,1
10410,2
10411,1
10412,2
10413,1
10414,1
10415,1
10416,1
10417,2
10418,2
10419,0
10421,3
10422,2
10423,3
10424,1
10425,1
10426,1
10427,1
10428,0
10429,2
10430,1
10431,2
10432,3
10434,3
10435,3
10436,2
10437,0
10439,2
10440,0
10441,3
10442,1
10443,1
10444,0
10445,3
10446,1
10447,1
10448,1
10449,0
10450,0
10451,0
10453,1
10454,0
10455,0
10456,3
10457,1
10458,2
10459,0
10460,2
10461,2
10462,2
10463,2
10464,2
10465,0
10466,1
10468,1
10469,2
10470,3
10471,2
10472,2
10473,1
10474,0
10475,2
10476,1
10477,1
10478,0
10479,3
10480,1
10481,0
10482,3
10484,1
10485,2
10486,1
10487,1
10488,0
10489,2
10490,0
10491,0
10492,0
10493,0
10494,2
10495,1
10496,0
10497,1
10498,2
10499,2
10500,1
10501,0
10502,3
10503,1
10504,3
10505,1
10506,1
10507,1
10509,1
10511,0
10512,0
10513,2
10514,1
10515,1
10516,2
10517,2
10518,2
10519,1
10520,3
10521,1
10522,1
10523,1
10525,2
10526,2
10527,2
10528,2
10529,1
10530,2
10531,1
10532,1
10533,0
10534,2
10535,1
10536,1
10537,0
10538,1
10539,1
10540,1
10541,0
10543,1
10545,2
10546,1
10547,3
10548,2
10549,3
10550,2
10551,0
10552,1
10553,1
10554,1
10555,3
10556,1
10557,1
10558,2
10559,1
10560,1
10561,1
10562,1
10563,1
10564,1
10565,2
10566,2
10567,1
10568,2
10569,3
10570,1
10571,2
10572,2
10573,2
10574,1
10575,0
10576,2
10577,2
10578,1
10579,2
10580,1
10581,3
10582,0
10583,1
10584,3
10585,1
10586,1
10588,1
10589,3
10590,3
10591,1
10592,2
10594,2
10595,1
10596,0
10597,0
10598,2
10599,1
10600,1
10601,1
10602,0
10603,3
10604,3
10605,2
10606,0
10607,3
10608,1
10609,1
10610,2
10611,0
10612,1
10613,0
10614,1
10615,1
10616,2
10617,2
10618,3
10619,0
10620,2
10621,1
10622,2
10623,2
10624,2
10625,0
10626,0
10627,3
10628,2
10629,1
10630,2
10631,2
10632,2
10633,1
10635,2
10636,3
10637,1
10638,1
10639,1
10640,1
10641,2
10642,1
10643,1
10646,3
10648,0
10649,1
10650,2
10651,2
10652,3
10653,2
10654,2
10655,1
10656,2
10657,1
10658,0
10659,3
10660,0
10661,2
10662,1
10663,2
10664,1
10665,2
10666,2
10667,1
10668,1
10669,2
10670,1
10671,1
10672,2
10673,1
10674,2
10675,2
10676,2
10677,0
10678,2
10679,1
10680,1
10681,1
10682,2
10683,1
10684,0
10685,3
10686,2
10687,0
10688,1
10689,2
10690,1
10691,1
10692,2
10693,3
10694,0
10695,1
10696,1
10697,3
10698,3
10699,3
10700,3
10701,1
10702,0
10703,2
10704,1
10705,1
10706,1
10707,1
10708,0
10709,1
10710,1
10711,1
10712,1
10713,1
10714,0
10715,0
10716,1
10717,2
10718,2
10719,0
10720,1
10721,1
10722,1
10724,0
10725,1
10726,1
10727,1
10729,2
10730,0
10732,1
10733,1
10734,0
10735,1
10737,0
10738,2
10739,2
10740,0
10741,1
10743,0
10744,1
10745,0
10746,0
10747,0
10748,1
10749,1
10750,1
10752,1
10753,1
10754,2
10756,2
10758,0
10759,1
10760,1
10761,2
10762,1
10763,1
10764,1
10765,3
10766,2
10767,1
10768,1
10769,1
10770,0
10771,1
10772,3
10773,3
10774,0
10775,3
10776,2
10777,0
10778,3
10779,1
10780,1
10781,0
10782,3
10783,1
10784,3
10785,1
10787,1
10788,2
10789,0
10790,1
10791,3
10792,1
10793,2
10794,0
10795,1
10796,1
10797,1
10798,2
10799,1
10800,1
10801,1
10802,2
10803,2
10804,2
10805,1
10806,2
10807,3
10808,2
10809,3
10810,0
10811,1
10812,1
10814,2
10815,1
10816,0
10817,2
10818,1
10819,1
10820,1
10823,1
10824,3
10825,0
10826,1
10827,2
10828,1
10829,1
10830,1
10831,0
10832,3
10833,1
10834,1
10835,3
10836,3
10838,2
10839,2
10840,1
10841,2
10842,1
10843,1
10844,0
10846,1
10847,2
10848,2
10849,0
10850,3
10851,1
10852,1
10854,2
10855,2
10857,1
10858,1
10859,3
10860,2
10861,2
10862,1
10864,1
10865,1
10866,1
10867,0
10868,2
10869,1
10870,1
10871,3
10872,2
10873,1
10874,1
10875,0
10876,0
10877,2
10879,1
10880,1
10881,1
10882,0
10883,0
10884,1
10885,1
10886,1
10887,0
10888,2
10889,3
10890,1
10891,2
10892,3
10893,1
10894,1
10895,1
10896,1
10897,3
10898,2
10899,1
10900,1
10901,1
10902,3
10903,3
10904,2
10905,1
10906,0
10907,0
10908,1
10909,0
10910,1
10911,3
10912,2
10913,2
10914,2
10915,2
10916,1
10917,1
10918,0
10920,2
10922,0
10923,0
10924,3
10925,1
10926,1
10927,2
10928,2
10929,2
10931,3
10932,2
10933,2
10934,2
10935,2
10936,2
10937,1
10938,0
10939,2
10940,2
10941,0
10942,2
10943,1
10944,2
10945,1
10946,0
10947,2
10949,2
10950,1
10951,1
10952,3
10953,1
10954,2
10955,0
10956,1
10957,2
10958,3
10959,2
10960,1
10961,1
10962,3
10963,2
10964,3
10965,2
10966,0
10967,2
10968,1
10969,1
10970,1
10971,1
10973,2
10974,1
10975,1
10976,0
10977,2
10978,1
10979,1
10980,2
10981,2
10983,0
10984,2
10985,1
10986,3
10987,2
10988,3
10989,2
10990,1
10991,0
10992,1
10993,1
10994,2
10995,2
10996,1
10997,1
10998,1
10999,1
11000,3
11001,1
11002,1
11004,3
11005,2
11006,1
11007,1
11008,1
11009,1
11010,1
11011,2
11012,0
11013,3
11014,2
11015,1
11016,1
11017,2
11018,2
11019,2
11020,1
11021,0
11022,0
11023,1
11024,3
11025,1
11026,1
11027,2
11028,1
11029,0
11030,3
11031,0
11032,1
11033,2
11034,1
11035,1
11036,3
11037,2
11039,2
11040,0
11041,0
11042,1
11043,2
11044,0
11045,2
11046,0
11047,0
11048,0
11049,1
11050,1
11051,3
11053,1
11054,3
11055,2
11056,1
11057,1
11058,1
11059,2
11060,1
11061,0
11062,0
11063,2
11064,1
11065,2
11066,0
11067,0
11068,1
11069,2
11071,1
11072,1
11073,1
11074,0
11075,2
11076,0
11077,1
11078,2
11080,1
11081,1
11082,3
11083,1
11084,1
11085,1
11087,0
11088,2
11090,2
11091,0
11092,0
11093,0
11094,1
11095,0
11096,1
11097,1
11098,0
11099,1
11100,1
11101,2
11102,1
11103,1
11104,0
11105,1
11106,3
11107,1
11108,1
11109,0
11110,1
11111,2
11112,1
11113,1
11114,1
11115,2
11116,1
11117,2
11118,2
11119,2
11120,3
11121,0
11122,1
11123,3
11124,2
11125,3
11126,1
11127,0
11128,2
11129,3
11130,0
11131,1
11133,2
11134,2
11135,1
11136,3
11137,3
11138,2
11139,0
11140,1
11141,0
11143,1
11144,2
11145,0
11146,0
11147,1
11148,2
11149,3
11150,1
11151,2
11152,1
11153,3
11154,2
11155,2
11156,2
11157,1
11158,3
11159,1
11160,1
11161,1
11162,1
11163,1
11164,1
11165,1
11166,0
11167,3
11168,2
11169,1
11170,3
11171,1
11172,1
11173,1
11174,2
11175,1
11177,1
11178,1
11179,0
11180,0
11181,2
11182,2
11183,0
11184,1
11185,2
11186,1
11187,1
11188,1
11189,2
11190,1
11193,1
11194,1
11195,0
11196,2
11200,3
11201,1
11202,2
11203,1
11204,2
11205,0
11206,1
11209,1
11210,1
11211,1
11212,1
11214,3
11215,1
11216,1
11217,3
11218,0
11219,0
11220,0
11221,0
11222,3
11223,1
11224,0
11225,3
11226,3
11227,2
11229,0
11230,1
11231,1
11232,3
11234,2
11235,0
11236,1
11237,2
11238,1
11239,3
11241,0
11242,1
11243,0
11244,1
11246,3
11247,2
11248,2
11249,1
11250,1
11252,0
11253,1
11254,0
11255,1
11256,3
11257,1
11258,1
11259,2
11260,0
11261,3
11262,2
11263,3
11264,1
11265,3
11266,0
11267,0
11268,1
11269,1
11270,0
11271,1
11272,1
11273,1
11274,1
11275,2
11276,2
11277,3
11278,0
11279,0
11281,0
11283,3
11284,2
11285,1
11286,0
11287,3
11288,0
11289,2
11290,0
11291,3
11292,1
11293,2
11295,3
11296,1
11297,1
11298,1
11299,0
11300,1
11301,1
11302,3
11303,2
11305,2
11306,2
11307,1
11308,2
11309,1
11310,1
11311,2
11312,2
11314,2
11315,1
11316,0
11317,1
11318,1
11319,2
11320,2
11321,2
11322,1
11323,2
11324,1
11325,0
11326,0
11327,1
11328,1
11329,1
11331,2
11332,2
11333,2
11334,2
11335,1
11336,3
11337,2
11338,0
11339,1
11340,2
11341,1
11342,1
11343,1
11344,2
11345,1
11346,3
11347,2
11348,1
11349,3
11350,3
11351,0
11352,1
11353,1
11354,2
11355,3
11356,0
11357,1
11358,0
11359,2
11360,1
11361,1
11362,1
11363,1
11364,0
11365,2
11366,1
11367,0
11368,1
11369,2
11370,0
11371,1
11372,1
11373,1
11374,1
11375,0
11376,1
11377,3
11378,1
11379,3
11380,0
11381,1
11382,2
11383,0
11384,1
11385,2
11386,0
11387,1
11388,1
11389,2
11390,0
11391,1
11392,3
11393,0
11394,1
11396,1
11397,2
11398,0
11399,1
11400,2
11401,1
11402,3
11403,2
11404,0
11405,0
11407,1
11408,2
11409,1
11410,2
11411,3
11412,1
11414,2
11415,0
11416,3
11417,1
11418,3
11419,1
11420,1
11421,2
11422,3
11423,3
11424,1
11425,1
11426,0
11427,2
11428,2
11429,0
11430,1
11431,2
11432,0
11433,2
11434,0
11435,1
11436,0
11437,3
11438,2
11439,1
11440,1
11441,2
11442,2
11443,3
11444,0
11445,0
11446,1
11447,3
11448,3
11449,1
11450,2
11451,3
11452,2
11453,2
11454,1
11457,0
11458,1
11459,1
11460,2
11461,1
11462,3
11463,1
11464,0
11466,3
11467,2
11468,2
11469,2
11470,0
11471,0
11473,1
11474,1
11475,2
11477,1
11478,1
11479,0
11480,1
11482,1
11483,1
11484,3
11486,1
11487,2
11488,2
11489,1
11491,1
11492,2
11493,0
11494,0
11496,1
11497,1
11498,3
11499,1
11500,2
11501,1
11502,1
11503,1
11504,0
11505,1
11506,1
11507,1
11508,0
11509,1
11510,0
11511,1
11512,0
11513,1
11514,2
11516,2
11517,2
11518,1
11519,1
11520,1
11521,1
11522,1
11523,1
11524,1
11526,1
11527,0
11528,0
11529,3
11530,2
11531,3
11532,2
11533,3
11534,3
11535,2
11536,3
11538,1
11539,3
11540,2
11541,0
11542,1
11543,1
11544,1
11545,1
11546,1
11547,2
11548,3
11549,3
11550,3
11551,1
11553,1
11554,0
11555,2
11556,1
11557,1
11558,1
11560,1
11561,2
11562,1
11563,1
11564,2
11565,2
11566,0
11568,1
11569,2
11570,3
11572,2
11573,1
11574,1
11575,3
11576,3
11577,2
11580,1
11581,0
11582,1
11584,1
11585,1
11586,0
11587,3
11588,2
11589,3
11590,1
11591,2
11592,2
11593,1
11594,2
11595,0
11596,2
11597,1
11598,1
11599,3
11600,0
11601,1
11602,1
11603,2
11604,0
11605,1
11606,2
11607,1
11608,1
11609,1
11610,1
11611,0
11612,0
11613,1
11615,1
11616,2
11618,1
11619,0
11620,0
11621,1
11622,2
11623,2
11624,2
11626,1
11627,1
11628,3
11629,0
11630,2
11631,0
11632,2
11633,3
11634,1
11635,0
11636,0
11637,1
11638,2
11639,3
11640,2
11641,0
11642,2
11643,3
11644,0
11645,0
11646,3
11647,2
11648,3
11649,1
11650,2
11651,0
11653,0
11654,1
11655,2
11656,1
11657,1
11658,0
11659,3
11660,2
11661,0
11662,3
11663,0
11664,3
11665,1
11666,1
11667,0
11668,2
11669,2
11670,1
11671,1
11672,0
11673,1
11674,2
11675,0
11676,1
11677,1
11678,2
11679,1
11680,1
11681,3
11682,2
11683,2
11684,3
11685,2
11686,1
11687,0
11688,1
11689,2
11691,0
11692,2
11693,2
11694,1
11695,0
11696,1
11697,2
11698,2
11699,0
11700,0
11701,0
11702,1
11703,0
11704,3
11705,2
11706,2
11708,2
11709,0
11710,2
11711,1
11712,3
11713,1
11714,2
11715,2
11716,1
11717,2
11718,0
11719,1
11720,2
11721,0
11722,1
11725,1
11726,1
11727,1
11728,2
11729,3
11730,2
11731,0
11732,2
11733,1
11734,3
11735,0
11736,0
11737,2
11739,0
11740,1
11741,2
11742,0
11743,1
11744,2
11745,0
11746,1
11747,1
11748,2
11749,2
11750,1
11751,3
11752,0
11753,1
11754,2
11755,1
11756,3
11757,2
11758,2
11759,2
11760,1
11761,0
11762,1
11763,0
11764,3
11765,1
11766,1
11767,3
11768,0
11769,3
11770,0
11771,0
11772,1
11773,1
11774,0
11775,1
11776,1
11777,1
11778,1
11779,1
11780,0
11781,1
11782,1
11783,2
11784,1
11785,1
11786,1
11787,2
11788,1
11789,1
11790,0
11791,3
11792,1
11793,1
11794,0
11795,1
11797,2
11798,3
11799,0
11800,2
11801,2
11802,1
11803,3
11804,2
11805,2
11806,2
11807,1
11808,2
11809,3
11810,1
11811,2
11813,1
11814,2
11815,0
11817,3
11819,2
11820,1
11821,3
11822,1
11823,1
11824,2
11825,2
11826,1
11827,1
11828,1
11829,2
11830,2
11832,0
11833,3
11834,1
11835,2
11836,1
11837,2
11838,1
11839,2
11840,2
11841,0
11842,3
11844,0
11846,3
11847,1
11848,0
11849,1
11851,1
11852,1
11853,0
11854,3
11855,1
11856,0
11858,2
11859,1
11860,0
11861,3
11862,0
11863,1
11864,1
11865,2
11866,1
11867,1
11868,2
11869,0
11870,0
11871,0
11872,0
11873,2
11874,1
11875,1
11876,1
11877,1
11878,3
11879,2
11880,1
11881,3
11882,1
11883,2
11884,0
11885,3
11886,0
11887,2
11888,1
11889,1
11890,0
11891,2
11892,1
11893,1
11894,3
11895,1
11896,3
11897,1
11898,1
11899,3
11900,1
11901,1
11902,1
11903,2
11904,2
11905,0
11906,3
11907,2
11908,1
11909,0
11910,2
11911,1
11912,3
11913,1
11914,0
11915,1
11916,3
11917,1
11918,2
11919,3
11920,2
11921,1
11922,1
11923,1
11924,1
11925,1
11926,1
11927,3
11928,0
11929,3
11930,2
11931,1
11932,0
11933,2
11934,3
11935,1
11936,0
11937,1
11938,1
11939,0
11941,0
11942,2
11943,1
11944,0
11945,3
11946,1
11947,1
11948,2
11949,1
11950,0
11951,2
11952,1
11953,1
11954,1
11955,1
11956,2
11957,1
11958,0
11960,1
11961,1
11962,3
11963,2
11964,1
11965,3
11966,3
11967,1
11968,1
11969,1
11970,0
11971,2
11972,2
11973,1
11974,1
11975,1
11976,1
11977,1
11979,0
11981,2
11982,0
11983,0
11984,1
11985,2
11986,2
11987,0
11988,1
11989,2
11990,0
11992,0
11993,3
11994,1
11995,1
11996,0
11997,0
11998,1
11999,1
12000,0
12002,2
12003,1
12004,2
12005,3
12006,0
12007,1
12008,2
12009,1
12010,1
12011,2
12012,2
12013,1
12014,1
12015,0
12016,2
12017,0
12018,2
12019,1
12020,1
12021,0
12022,2
12023,2
12024,2
12025,0
12026,3
12027,3
12028,1
12029,1
12030,0
12031,2
12032,0
12033,2
12034,2
12035,0
12036,2
12037,1
12038,1
12039,1
12040,0
12041,1
12042,1
12043,2
12044,3
12045,1
12046,2
12047,0
12048,1
12050,2
12051,0
12052,3
12053,1
12054,1
12055,0
12056,0
12057,2
12058,0
12059,3
12060,2
12061,3
12062,1
12063,1
12064,1
12065,1
12066,1
12067,1
12068,0
12069,2
12070,3
12071,0
12072,0
12073,0
12074,1
12075,1
12076,1
12077,1
12078,3
12079,2
12080,3
12081,3
12082,1
12083,1
12084,1
12085,2
12086,1
12087,1
12088,2
12089,0
12090,0
12091,2
12093,2
12094,0
12095,2
12096,3
12097,2
12099,0
12100,2
12101,1
12102,2
12103,2
12104,1
12105,2
12106,0
12107,2
12108,1
12111,2
12112,0
12113,1
12114,2
12116,3
12117,1
12118,0
12119,1
12120,3
12121,1
12122,0
12124,1
12125,1
12126,1
12127,1
12128,0
12129,1
12130,2
12131,1
12132,1
12134,1
12135,3
12136,1
12137,1
12138,1
12139,2
12140,3
12141,0
12142,2
12143,0
12144,0
12145,1
12146,3
12147,1
12148,0
12149,2
12150,0
12151,1
12152,3
12153,2
12154,2
12155,2
12156,0
12157,3
12158,1
12159,3
12160,0
12161,1
12162,3
12163,0
12164,1
12165,1
12166,1
12167,2
12168,1
12169,1
12170,3
12171,1
12172,1
12173,1
12174,2
12175,1
12176,0
12177,1
12178,1
12179,2
12180,3
12181,1
12182,1
12183,3
12184,1
12185,2
12186,0
12187,3
12188,2
12189,1
12190,0
12191,2
12192,3
12193,0
12194,1
12195,1
12196,1
12197,2
12198,1
12199,3
12201,2
12202,1
12203,1
12204,1
12205,3
12206,1
12208,2
12209,1
12210,1
12211,1
12212,0
12213,1
12214,2
12215,2
12216,2
12217,2
12218,0
12219,1
12220,3
12221,2
12222,3
12223,2
12224,3
12225,1
12226,2
12227,1
12228,1
12229,3
12230,1
12231,1
12232,0
12233,1
12234,2
12235,2
12236,0
12237,2
12238,2
12239,0
12240,1
12241,0
12242,1
12243,1
12244,2
12245,0
12246,1
12247,1
12248,0
12249,0
12250,0
12251,0
12252,1
12253,2
12254,3
12256,2
12257,1
12258,1
12259,2
12260,2
12261,1
12262,2
12263,2
12264,2
12265,0
12266,2
12267,1
12268,2
12269,1
12270,3
12271,1
12272,1
12273,1
12274,0
12275,1
12276,0
12277,0
12278,3
12279,1
12280,3
12281,0
12282,1
12283,1
12284,1
12285,2
12286,1
12287,1
12288,2
12289,2
12290,2
12291,3
12293,3
12294,1
12295,0
12296,1
12297,2
12298,1
12299,2
12300,1
12301,0
12302,0
12303,0
12305,1
12306,2
12307,2
12308,2
12309,1
12310,1
12312,0
12313,1
12314,0
12315,2
12317,1
12318,2
12319,1
12320,2
12321,1
12322,1
12323,1
12324,1
12325,0
12326,1
12327,1
12328,1
12329,1
12330,1
12331,2
12332,3
12333,1
12334,2
12335,1
12336,1
12337,2
12339,0
12340,1
12341,1
12342,1
12344,0
12345,1
12346,1
12347,0
12348,3
12349,3
12350,2
12351,1
12352,1
12353,1
12354,3
12355,2
12356,0
12357,1
12358,2
12359,3
12360,1
12361,2
12362,1
12363,1
12364,2
12365,1
12366,1
12367,0
12368,3
12369,1
12370,1
12371,2
12372,0
12373,0
12374,1
12375,1
12376,1
12377,0
12378,1
12379,0
12380,1
12381,3
12382,1
12383,3
12384,0
12385,1
12386,1
12387,2
12388,0
12389,2
12390,3
12391,3
12392,1
12393,3
12394,1
12395,1
12396,0
12397,1
12398,0
12399,3
12400,0
12401,1
12402,2
12403,1
12404,1
12405,0
12406,2
12407,3
12410,0
12411,0
12412,1
12413,2
12415,1
12416,1
12418,2
12419,2
12420,1
12421,1
12422,0
12423,0
12424,0
12425,0
12426,3
12428,3
12429,2
12430,0
12431,1
12432,1
12433,2
12434,0
12435,0
12436,1
12437,0
12438,2
12439,1
12440,3
12441,1
12442,1
12443,0
12444,2
12445,2
12446,1
12447,0
12448,1
12449,3
12450,2
12451,1
12452,3
12453,1
12454,0
12455,2
12456,1
12457,1
12458,3
12459,0
12460,0
12461,0
12462,0
12463,0
12465,2
12466,3
12467,0
12468,3
12469,0
12470,1
12471,3
12472,2
12473,0
12474,1
12476,2
12477,1
12478,1
12480,1
12481,0
12482,1
12483,1
12484,0
12485,1
12486,1
12487,1
12488,3
12489,0
12490,2
12491,2
12492,0
12493,3
12494,1
12495,1
12496,1
12497,3
12498,3
12499,3
12500,1
12501,0
12502,2
12503,1
12504,0
12505,3
12506,0
12507,1
12508,0
12509,1
12510,1
12511,2
12512,1
12513,2
12514,0
12515,3
12517,1
12518,1
12519,0
12520,0
12521,3
12522,2
12523,1
12524,3
12525,2
12526,1
12527,0
12528,1
12529,1
12530,2
12531,1
12532,2
12533,2
12534,0
12535,1
12536,1
12537,2
12538,2
12539,1
12540,0
12541,1
12542,1
12543,2
12544,1
12545,0
12546,1
12547,3
12548,0
12549,1
12550,2
12551,0
12552,0
12554,1
12555,0
12556,1
12557,2
12558,1
12559,3
12560,2
12561,0
12562,0
12563,3
12564,1
12565,1
12566,3
12567,1
12568,2
12569,3
12570,1
12571,0
12572,1
12573,2
12574,2
12575,1
12576,0
12577,1
12578,0
12579,3
12580,2
12581,1
12582,2
12583,1
12584,2
12585,0
12586,2
12587,3
12588,0
12589,1
12590,2
12591,1
12592,2
12593,1
12594,0
12595,0
12597,3
12598,1
12599,0
12600,1
12601,0
12602,3
12603,3
12604,1
12605,1
12607,2
12608,0
12609,1
12610,1
12611,2
12612,1
12613,2
12614,2
12615,2
12616,0
12617,0
12618,0
12619,2
12620,1
12621,1
12622,0
12623,1
12624,3
12625,1
12626,3
12627,1
12628,3
12629,1
12630,1
12631,0
12632,1
12633,2
12634,1
12635,1
12636,0
12637,3
12638,3
12639,3
12640,1
12641,0
12642,1
12643,1
12644,3
12646,0
12647,2
12648,2
12649,0
12650,0
12651,1
12652,0
12653,1
12654,1
12655,0
12656,2
12657,1
12658,2
12659,0
12660,1
12661,0
12663,1
12664,1
12665,2
12666,3
12667,2
12668,1
12669,0
12670,2
12671,2
12672,1
12673,1
12674,1
12675,1
12676,1
12677,1
12678,0
12679,1
12680,2
12681,3
12682,1
12683,1
12685,3
12686,2
12687,1
12688,1
12689,1
12690,0
12691,1
12692,2
12693,3
12694,1
12695,1
12696,0
12697,0
12698,1
12699,1
12700,2
12701,2
12702,3
12703,3
12704,2
12705,3
12706,1
12707,2
12708,1
12709,1
12710,0
12711,3
12712,1
12714,1
12715,3
12716,1
12717,1
12718,2
12719,0
12720,2
12721,0
12722,0
12723,0
12725,1
12726,1
12727,0
12728,1
12729,3
12730,2
12731,2
12732,1
12733,1
12734,0
12735,2
12736,1
12737,1
12738,1
12739,2
12740,0
12741,2
12742,3
12743,1
12744,0
12745,3
12746,1
12747,2
12748,3
12749,1
12750,1
12751,2
12752,3
12753,0
12754,2
12755,2
12756,2
12757,3
12758,2
12759,1
12760,1
12761,1
12762,0
12763,2
12764,1
12765,1
12766,0
12767,0
12768,1
12769,1
12770,1
12771,2
12773,2
12774,1
12775,1
12776,1
12777,2
12778,1
12779,1
12780,0
12781,3
12782,1
12783,3
12785,3
12786,1
12788,1
12789,1
12790,0
12791,1
12792,1
12793,0
12794,0
12795,3
12796,2
12797,1
12798,0
12799,1
12800,0
12801,1
12802,1
12803,1
12804,3
12805,1
12807,1
12808,0
12810,3
12811,0
12812,2
12813,2
12814,2
12815,2
12816,1
12817,1
12818,2
12819,1
12820,1
12821,0
12822,2
12823,1
12824,2
12826,3
12828,0
12829,1
12830,3
12831,0
12832,1
12833,1
12834,3
12835,2
12836,1
12837,3
12838,1
12839,2
12840,1
12841,3
12842,2
12843,3
12844,0
12845,1
12846,0
12847,0
12848,1
12849,1
12850,0
12851,0
12852,3
12853,3
12854,2
12855,1
12856,3
12857,1
12858,2
12859,3
12860,0
12861,0
12862,2
12863,1
12864,0
12865,1
12866,2
12867,0
12868,1
12869,2
12870,1
12871,2
12872,2
12873,1
12875,0
12877,1
12878,0
12879,0
12880,1
12881,0
12882,1
12883,2
12884,0
12885,1
12886,1
12887,3
12888,1
12889,2
12890,0
12891,1
12892,3
12893,1
12894,1
12895,1
12896,1
12897,1
12898,1
12899,3
12900,2
12901,2
12902,1
12905,1
12906,3
12907,1
12908,2
12909,1
12910,1
12911,1
12912,2
12913,0
12914,3
12915,2
12916,3
12917,0
12918,2
12919,2
12920,3
12921,1
12922,3
12923,1
12924,1
12925,1
12926,2
12927,1
12928,2
12929,2
12931,0
12932,2
12933,2
12934,2
12935,1
12936,1
12937,0
12938,0
12939,1
12940,2
12941,3
12942,0
12943,3
12945,2
12946,2
12948,1
12949,0
12950,1
12951,0
12952,0
12953,3
12954,1
12955,0
12956,0
12957,3
12958,3
12959,1
12960,1
12961,0
12962,1
12963,0
12964,2
12965,1
12966,2
12968,3
12969,1
12970,2
12971,0
12972,3
12973,1
12974,1
12975,2
12976,2
12977,3
12978,1
12979,3
12980,2
12981,1
12982,1
12983,1
12984,1
12985,1
12986,2
12987,2
12988,0
12989,3
12990,2
12992,1
12993,3
12994,2
12995,1
12996,1
12997,1
12998,1
12999,2
13000,1
13001,1
13002,1
13003,2
13004,1
13005,1
13008,1
13009,1
13010,2
13012,2
13013,1
13014,1
13015,2
13017,1
13018,2
13019,1
13020,1
13021,3
13023,3
13024,2
13025,1
13026,1
13027,1
13028,1
13029,1
13030,1
13031,3
13032,3
13033,1
13034,1
13035,2
13036,1
13037,0
13039,3
13040,0
13041,1
13042,1
13043,0
13044,2
13046,1
13047,0
13048,3
13049,1
13050,0
13051,2
13052,1
13053,1
13054,1
13055,1
13056,3
13057,0
13058,2
13059,1
13060,1
13061,3
13063,1
13064,2
13065,0
13066,0
13067,2
13068,2
13069,1
13070,0
13071,1
13072,3
13073,1
13074,3
13075,1
13076,2
13079,1
13080,3
13081,2
13082,3
13083,1
13085,3
13086,2
13087,1
13088,2
13089,2
13090,2
13091,1
13092,1
13093,2
13094,1
13096,1
13097,2
13098,3
13099,2
13100,1
13101,2
13102,1
13103,2
13104,2
13105,1
13106,1
13107,2
13108,2
13109,3
13110,1
13111,0
13113,3
13114,3
13115,2
13116,3
13117,1
13118,0
13119,2
13120,1
13121,2
13122,1
13123,1
13124,3
13125,3
13127,0
13128,2
13129,2
13130,1
13131,2
13132,0
13133,3
13134,1
13136,1
13137,2
13138,2
13139,1
13140,1
13143,2
13144,1
13145,2
13147,1
13148,1
13149,1
13150,2
13151,1
13152,0
13153,0
13154,2
13155,2
13156,1
13157,2
13158,1
13159,1
13160,1
13161,1
13162,0
13163,1
13164,1
13165,0
13166,3
13167,2
13168,1
13169,1
13170,1
13171,1
13173,0
13174,1
13175,2
13176,2
13177,1
13178,3
13179,0
13180,1
13181,1
13182,1
13183,2
13184,1
13185,2
13186,1
13187,1
13188,1
13189,3
13190,1
13191,2
13192,0
13193,1
13194,3
13195,1
13196,1
13197,1
13198,2
13199,1
13200,1
13201,2
13202,3
13203,3
13204,1
13205,0
13206,1
13207,0
13208,1
13209,1
13210,3
13211,1
13212,3
13213,2
13214,0
13215,1
13216,1
13217,0
13218,1
13219,1
13221,2
13222,1
13223,0
13224,0
13225,2
13226,2
13227,0
13228,0
13229,3
13230,0
13231,1
13232,2
13233,3
13234,2
13235,1
13236,1
13237,2
13238,2
13239,1
13240,1
13242,1
13243,1
13245,1
13246,1
13247,2
13248,3
13249,0
13250,1
13251,2
13252,1
13253,1
13254,0
13255,0
13257,3
13258,1
13259,1
13260,1
13261,2
13262,1
13263,1
13264,1
13265,0
13267,2
13268,1
13269,2
13270,0
13271,0
13273,0
13274,1
13275,1
13276,3
13277,2
13278,1
13279,1
13280,1
13281,1
13282,0
13283,0
13284,1
13285,0
13286,2
13287,1
13288,0
13289,1
13290,1
13291,1
13293,1
13294,3
13295,0
13296,2
13297,0
13298,1
13299,3
13300,2
13301,1
13302,2
13303,1
13304,1
13305,0
13306,0
13307,3
13308,2
13309,1
13310,3
13311,1
13312,2
13313,1
13314,0
13315,0
13316,2
13317,0
13318,3
13319,1
13320,2
13321,0
13322,1
13323,1
13324,1
13325,3
13326,2
13327,0
13328,0
13329,1
13330,1
13331,1
13332,0
13333,1
13334,1
13335,1
13336,2
13337,2
13338,0
13339,3
13340,0
13341,3
13342,2
13343,1
13345,1
13346,2
13347,1
13348,2
13349,1
13350,1
13351,1
13352,3
13353,2
13354,3
13355,1
13356,1
13357,2
13358,1
13359,1
13360,3
13361,1
13362,1
13363,1
13364,2
13365,2
13366,1
13367,1
13368,3
13369,1
13370,1
13371,3
13372,1
13373,1
13374,1
13375,0
13377,1
13378,1
13379,1
13380,1
13381,3
13382,2
13383,1
13385,1
13386,0
13387,3
13388,2
13389,1
13390,2
13391,1
13392,0
13393,2
13394,1
13395,1
13396,0
13397,2
13398,0
13399,1
13400,1
13401,1
13402,1
13404,2
13405,1
13406,2
13407,1
13408,2
13410,1
13411,0
13413,1
13414,2
13415,0
13416,2
13418,3
13419,1
13420,0
13421,2
13422,1
13423,2
13424,1
13425,1
13426,1
13427,1
13428,0
13429,0
13430,2
13431,3
13432,1
13433,0
13434,1
13435,2
13436,2
13437,1
13439,1
13440,1
13441,3
13442,1
13443,2
13444,0
13445,2
13446,1
13447,3
13449,1
13450,2
13451,3
13452,2
13455,3
13456,1
13457,1
13458,1
13459,0
13460,2
13461,1
13462,2
13463,0
13464,2
13465,3
13466,2
13467,2
13468,0
13469,1
13470,0
13471,1
13472,1
13474,2
13475,1
13476,0
13477,3
13478,3
13479,0
13480,0
13481,0
13482,1
13483,1
13484,2
13485,0
13486,2
13487,2
13488,1
13489,0
13490,2
13491,1
13492,2
13493,1
13494,2
13495,0
13496,3
13497,0
13498,1
13499,1
13500,1
13501,2
13502,2
13503,2
13504,2
13505,0
13506,1
13507,1
13508,3
13509,1
13510,1
13511,1
13512,0
13513,2
13514,0
13515,2
13516,1
13517,2
13518,1
13519,1
13520,1
13521,1
13522,0
13523,1
13524,1
13525,1
13526,3
13527,2
13528,2
13529,2
13530,0
13531,1
13532,2
13533,2
13534,3
13535,1
13536,1
13538,1
13539,1
13540,2
13541,1
13542,2
13543,0
13544,0
13545,1
13546,2
13547,1
13549,1
13550,1
13551,2
13552,2
13553,3
13554,2
13555,3
13556,1
13557,1
13558,3
13559,2
13560,1
13562,1
13563,1
13564,1
13565,1
13566,1
13567,0
13568,1
13569,1
13570,1
13571,1
13572,0
13573,0
13574,3
13575,0
13576,1
13577,1
13578,2
13579,1
13580,1
13582,1
13583,2
13584,0
13585,1
13586,0
13587,1
13588,2
13589,1
13590,2
13591,2
13592,1
13594,1
13595,2
13596,2
13597,2
13598,3
13599,1
13600,1
13601,1
13602,0
13603,2
13604,3
13605,1
13606,0
13607,3
13608,0
13609,2
13612,0
13613,1
13614,1
13615,1
13616,1
13617,1
13618,2
13619,2
13620,3
13621,0
13622,3
13623,0
13624,2
13626,2
13627,1
13628,1
13629,2
13630,1
13631,2
13632,2
13633,0
13634,1
13635,1
13636,0
13637,1
13638,1
13639,1
13640,2
13641,0
13642,2
13644,1
13645,0
13646,1
13647,2
13648,3
13649,2
13650,3
13651,0
13652,2
13653,3
13654,1
13655,2
13656,2
13657,1
13658,2
13659,3
13660,0
13661,2
13662,0
13663,1
13664,1
13665,2
13666,1
13667,2
13668,0
13670,1
13671,2
13672,0
13673,1
13674,1
13675,2
13676,0
13677,1
13678,1
13680,1
13681,2
13682,0
13683,1
13684,0
13685,1
13686,2
13687,2
13688,1
13689,3
13690,3
13691,1
13692,1
13693,2
13694,2
13695,1
13696,2
13697,0
13698,1
13699,1
13700,0
13701,1
13702,1
13703,3
13704,1
13705,0
13706,2
13707,1
13708,3
13709,3
13710,1
13711,2
13712,1
13713,1
13714,2
13715,2
13716,1
13717,3
13719,2
13720,1
13721,3
13722,1
13723,2
13724,2
13725,0
13726,3
13727,3
13728,1
13729,2
13730,1
13731,1
13732,2
13733,3
13734,1
13735,0
13736,2
13737,1
13738,0
13739,0
13740,1
13742,0
13743,1
13744,0
13745,2
13746,1
13747,2
13748,1
13749,2
13750,1
13751,2
13752,1
13753,2
13754,1
13755,1
13756,2
13757,0
13758,2
13759,2
13760,2
13761,0
13762,0
13763,2
13764,2
13765,1
13766,2
13767,3
13768,3
13769,1
13770,0
13771,2
13772,2
13773,1
13776,1
13777,1
13779,2
13780,2
13781,1
13782,0
13784,2
13785,1
13786,1
13787,1
13788,1
13789,0
13790,3
13791,1
13792,1
13793,1
13794,1
13795,1
13796,2
13797,0
13798,1
13799,1
13800,3
13801,2
13802,1
13803,2
13805,0
13806,3
13807,1
13808,0
13809,2
13810,0
13811,2
13812,2
13813,0
13814,1
13815,2
13816,1
13817,2
13818,2
13819,2
13820,3
13821,0
13823,0
13825,2
13826,1
13828,0
13829,3
13830,3
13831,1
13832,2
13833,1
13834,2
13835,3
13836,1
13837,2
13838,1
13839,0
13840,1
13841,3
13842,1
13843,0
13844,0
13845,0
13846,0
13847,1
13848,2
13849,3
13850,1
13851,3
13852,1
13854,2
13855,2
13856,1
13857,3
13858,2
13859,1
13860,0
13861,1
13862,1
13863,2
13864,0
13865,0
13866,1
13867,1
13868,2
13869,1
13870,1
13871,2
13872,0
13873,2
13874,0
13875,2
13876,3
13877,2
13878,1
13879,0
13880,3
13881,1
13882,2
13883,0
13884,1
13885,2
13886,1
13887,1
13889,3
13890,2
13891,0
13892,1
13893,1
13894,3
13895,2
13896,2
13897,2
13898,2
13899,0
13900,1
13901,1
13902,1
13904,3
13905,3
13906,1
13907,1
13908,0
13909,0
13910,0
13911,3
13912,2
13913,2
13914,1
13915,2
13916,2
13917,1
13918,1
13920,1
13921,0
13922,3
13923,3
13924,1
13925,1
13926,1
13927,0
13928,0
13929,2
13930,1
13931,2
13932,2
13933,3
13934,2
13935,2
13936,2
13937,1
13938,0
13939,0
13940,0
13941,3
13942,0
13943,1
13944,1
13946,1
13947,2
13948,0
13949,1
13950,1
13951,1
13952,1
13953,3
13954,0
13955,1
13956,1
13957,3
13958,3
13959,2
13960,2
13961,0
13962,0
13963,0
13964,0
13965,2
13966,1
13967,1
13968,1
13969,2
13970,1
13972,0
13973,1
13974,2
13975,2
13976,2
13977,1
13978,0
13979,2
13980,1
13981,2
13982,1
13983,1
13985,0
13986,2
13987,3
13988,0
13989,1
13990,1
13991,2
13992,0
13993,1
13994,1
13995,0
13996,1
13997,1
13998,1
13999,1
14000,1
14001,2
14002,0
14003,0
14004,2
14005,1
14006,2
14007,1
14008,1
14009,2
14010,0
14012,1
14013,0
14014,2
14015,0
14016,2
14017,2
14018,2
14020,1
14021,3
14022,3
14023,1
14024,3
14025,2
14026,0
14027,0
14028,2
14029,1
14030,2
14031,1
14032,2
14033,2
14034,1
14035,1
14037,1
14038,1
14039,0
14040,2
14041,2
14042,1
14043,1
14044,2
14045,0
14046,3
14048,3
14049,2
14050,2
14051,3
14053,2
14054,1
14055,2
14056,0
14057,1
14058,1
14059,1
14060,1
14061,1
14062,0
14063,1
14064,2
14065,1
14066,0
14067,1
14068,1
14069,1
14070,1
14071,1
14072,3
14073,2
14074,1
14076,0
14077,1
14078,0
14079,2
14080,1
14081,3
14082,2
14083,0
14085,2
14087,1
14088,2
14089,2
14090,1
14092,2
14093,1
14094,1
14095,3
14096,0
14097,0
14098,2
14099,0
14100,1
14101,3
14102,0
14103,1
14104,1
14105,0
14106,1
14107,0
14108,1
14109,1
14110,2
14111,1
14112,2
14113,1
14114,0
14115,0
14116,0
14117,2
14118,0
14119,1
14120,0
14121,0
14122,3
14123,1
14124,1
14125,3
14126,1
14127,1
14128,1
14129,1
14130,0
14131,3
14132,2
14133,2
14134,1
14135,1
14136,1
14137,0
14138,2
14139,2
14140,3
14141,1
14142,3
14143,2
14144,0
14146,2
14147,1
14148,2
14149,2
14150,0
14151,1
14152,1
14153,0
14154,1
14155,0
14156,2
14157,2
14158,3
14159,1
14160,1
14161,2
14162,1
14163,0
14164,3
14165,1
14167,2
14168,0
14169,2
14170,1
14171,1
14172,1
14173,0
14175,1
14176,0
14177,1
14178,2
14179,1
14180,0
14181,1
14182,2
14183,1
14184,1
14185,3
14186,3
14187,2
14188,2
14189,2
14190,1
14191,1
14192,0
14193,2
14194,0
14195,3
14196,1
14197,1
14198,1
14199,1
14200,1
14201,2
14202,1
14203,3
14204,1
14205,2
14206,1
14207,1
14208,2
14209,2
14210,1
14211,2
14212,2
14213,2
14214,1
14215,1
14217,1
14218,2
14219,3
14221,1
14222,1
14224,1
14225,3
14226,1
14227,1
14228,2
14229,0
14230,0
14231,0
14232,2
14233,0
14234,1
14235,2
14236,1
14237,1
14238,2
14239,2
14240,1
14241,3
14242,0
14243,1
14244,1
14245,2
14246,3
14247,3
14248,2
14249,1
14250,2
14251,1
14252,1
14253,0
14254,1
14255,2
14256,1
14257,0
14258,0
14259,1
14260,0
14261,1
14262,0
14263,2
14264,1
14265,2
14266,1
14267,3
14268,1
14270,0
14271,2
14272,0
14273,3
14274,1
14275,2
14276,1
14277,1
14278,1
14279,2
14280,0
14281,1
14282,1
14283,1
14284,3
14285,2
14286,0
14287,1
14288,1
14289,3
14290,1
14291,1
14292,1
14293,0
14294,2
14295,1
14296,1
14297,1
14298,1
14299,1
14300,3
14301,3
14302,0
14303,0
14304,2
14305,2
14306,0
14307,3
14309,2
14310,1
14311,2
14312,1
14313,0
14314,2
14315,1
14316,0
14317,1
14318,1
14319,2
14320,3
14321,1
14322,1
14324,0
14325,2
14326,1
14327,0
14328,2
14329,3
14330,0
14331,1
14332,1
14333,2
14334,1
14335,1
14336,0
14337,1
14338,2
14339,1
14340,1
14341,1
14342,1
14343,1
14344,0
14345,1
14346,2
14347,2
14348,1
14349,1
14350,2
14351,0
14352,3
14353,2
14354,1
14355,2
14356,3
14358,1
14359,2
14360,0
14361,2
14362,1
14363,1
14364,1
14365,1
14367,2
14368,2
14370,1
14371,0
14372,0
14374,0
14375,1
14376,1
14377,2
14378,2
14379,1
14381,2
14382,2
14383,2
14384,3
14385,2
14386,1
14387,1
14388,1
14390,0
14391,1
14392,3
14393,0
14394,1
14395,0
14396,2
14397,1
14398,1
14399,1
14400,1
14401,3
14402,3
14403,3
14404,1
14405,1
14406,2
14407,0
14408,3
14409,1
14410,1
14411,0
14412,0
14413,3
14414,3
14415,1
14416,1
14417,3
14418,3
14419,3
14420,2
14421,2
14422,3
14423,1
14424,1
14425,3
14426,3
14427,2
14428,1
14429,2
14430,1
14432,1
14433,1
14434,1
14435,0
14436,1
14437,1
14438,0
14439,1
14440,0
14441,1
14442,2
14443,3
14444,2
14446,2
14447,1
14448,3
14449,1
14450,1
14451,0
14452,1
14453,0
14454,1
14455,1
14456,1
14457,0
14459,2
14460,2
14461,0
14462,0
14463,1
14464,1
14465,3
14466,2
14467,1
14468,0
14469,1
14470,3
14471,2
14472,1
14473,2
14474,2
14475,2
14476,3
14477,3
14478,2
14479,0
14480,3
14481,3
14482,1
14483,2
14484,1
14485,1
14486,0
14487,3
14488,1
14489,1
14490,3
14491,2
14492,1
14493,1
14494,3
14495,1
14496,1
14497,1
14498,2
14499,2
14500,1
14501,2
14503,3
14504,2
14505,1
14506,2
14507,0
14508,2
14509,2
14510,2
14511,0
14512,1
14513,1
14514,1
14516,1
14517,1
14518,1
14519,2
14520,3
14521,0
14522,3
14523,1
14524,3
14525,1
14526,2
14527,2
14528,2
14529,1
14530,2
14531,3
14532,3
14533,1
14534,0
14535,2
14536,1
14537,1
14538,1
14539,1
14540,2
14541,1
14542,0
14543,1
14544,1
14545,1
14546,1
14547,1
14548,3
14549,0
14550,2
14551,1
14552,2
14553,1
14554,3
14555,1
14557,2
14558,1
14560,1
14561,0
14562,1
14563,1
14564,2
14565,2
14566,1
14567,0
14568,1
14569,1
14570,0
14571,3
14572,0
14573,2
14574,2
14575,3
14576,1
14577,1
14578,2
14579,2
14580,1
14581,1
14582,2
14583,2
14584,2
14585,1
14586,0
14587,2
14588,2
14589,1
14590,1
14591,2
14593,3
14594,2
14596,2
14598,3
14599,0
14600,1
14601,1
14602,2
14603,1
14604,2
14605,1
14606,1
14607,1
14610,0
14611,1
14612,0
14614,0
14615,1
14616,3
14617,2
14618,1
14619,2
14620,0
14621,3
14622,1
14623,2
14624,2
14625,1
14627,1
14629,1
14630,1
14631,2
14632,3
14633,2
14634,2
14635,1
14636,0
14637,3
14638,2
14639,2
14640,2
14641,1
14642,1
14643,1
14644,2
14645,1
14646,1
14647,3
14648,3
14649,1
14650,1
14651,1
14652,3
14653,1
14654,1
14655,3
14657,1
14658,0
14659,1
14660,2
14661,1
14662,1
14663,2
14664,1
14665,1
14666,3
14667,2
14668,2
14669,2
14670,2
14671,3
14672,2
14673,2
14674,1
14675,1
14676,0
14677,0
14678,1
14679,2
14680,1
14681,0
14682,1
14683,2
14684,1
14685,1
14686,1
14687,1
14688,1
14689,1
14690,0
14691,1
14692,1
14693,1
14694,2
14695,3
14696,2
14697,2
14698,0
14699,2
14700,2
14701,1
14702,1
14703,0
14704,2
14705,0
14706,1
14707,2
14708,2
14709,2
14710,1
14711,0
14712,1
14713,2
14714,1
14715,2
14716,2
14717,1
14719,2
14720,3
14721,2
14722,2
14723,3
14724,0
14725,0
14726,3
14727,0
14728,2
14729,1
14730,3
14731,2
14732,2
14733,3
14734,3
14735,2
14736,0
14737,1
14738,0
14739,3
14740,2
14741,0
14743,2
14744,1
14745,1
14746,1
14747,2
14748,0
14749,3
14750,1
14752,2
14753,2
14755,2
14756,1
14757,0
14758,2
14759,1
14760,1
14761,0
14762,1
14763,2
14764,1
14766,1
14767,1
14768,2
14769,2
14770,1
14771,2
14772,2
14773,1
14774,1
14775,3
14776,1
14777,2
14778,2
14779,3
14780,1
14781,2
14782,0
14783,1
14785,0
14786,2
14787,0
14788,0
14789,2
14790,2
14791,2
14792,2
14793,1
14794,1
14795,2
14797,1
14798,1
14799,2
14800,2
14801,2
14802,1
14803,0
14804,2
14805,2
14806,0
14807,1
14808,1
14809,3
14810,0
14811,1
14812,1
14813,2
14814,0
14815,2
14816,2
14817,1
14818,2
14819,1
14820,0
14821,1
14822,1
14823,3
14824,1
14825,1
14826,2
14827,1
14828,1
14829,1
14830,1
14831,1
14832,1
14833,1
14834,2
14835,3
14836,2
14837,2
14838,2
14839,2
14840,0
14841,2
14842,1
14843,1
14844,0
14845,1
14846,3
14847,2
14848,1
14849,2
14850,2
14851,1
14852,3
14853,1
14854,1
14855,0
14856,2
14857,1
14858,3
14859,2
14860,1
14862,2
14863,3
14864,2
14865,1
14866,1
14867,1
14868,3
14869,1
14870,2
14871,2
14872,1
14873,1
14874,1
14875,1
14877,0
14878,1
14880,0
14881,2
14882,0
14883,1
14884,0
14885,2
14886,2
14887,2
14888,1
14889,0
14890,2
14891,1
14892,3
14893,2
14894,0
14895,3
14896,0
14897,1
14898,0
14899,2
14900,1
14901,2
14902,2
14903,1
14904,3
14905,1
14907,2
14908,1
14909,1
14910,1
14911,1
14912,3
14913,2
14915,2
14916,2
14917,1
14918,1
14919,0
14920,0
14921,3
14922,3
14923,2
14924,3
14925,2
14926,1
14927,1
14928,0
14929,1
14930,1
14932,2
14933,0
14934,1
14935,0
14936,1
14937,2
14938,0
14939,3
14940,2
14941,3
14942,0
14943,2
14944,0
14945,3
14946,1
14947,3
14948,1
14949,1
14950,2
14951,1
14952,2
14953,0
14954,1
14955,1
14956,0
14957,2
14958,2
14959,1
14960,1
14962,2
14963,1
14965,2
14966,0
14967,1
14969,2
14970,3
14971,1
14972,2
14973,1
14974,0
14975,3
14976,0
14977,3
14978,2
14979,0
14980,1
14981,0
14982,1
14983,0
14984,0
14985,1
14986,3
14987,1
14988,3
14989,1
14990,2
14991,1
14992,1
14993,0
14994,0
14995,0
14996,2
14997,3
14999,2
15001,1
15002,2
15003,3
15004,1
15005,1
15007,2
15008,1
15009,2
15010,1
15011,2
15012,2
15013,2
15014,3
15015,0
15016,1
15017,1
15018,2
15019,1
15020,1
15022,1
15023,2
15024,1
15025,1
15026,0
15027,2
15028,1
15029,0
15030,2
15031,0
15032,0
15033,1
15034,3
15036,1
15037,3
15038,1
15039,0
15040,1
15041,1
15042,2
15043,1
15044,1
15045,1
15046,0
15047,1
15048,2
15049,2
15050,1
15051,1
15052,1
15053,2
15054,0
15055,2
15056,3
15057,0
15058,3
15059,3
15060,2
15061,1
15062,0
15063,3
15064,2
15066,1
15067,2
15068,3
15069,0
15070,0
15072,0
15073,1
15074,2
15075,0
15076,0
15077,1
15078,3
15079,2
15081,0
15082,2
15084,2
15085,2
15086,0
15087,3
15088,1
15089,1
15090,3
15091,1
15093,1
15094,1
15095,0
15096,1
15097,0
15098,3
15099,0
15100,1
15101,2
15102,1
15103,0
15104,3
15105,0
15107,2
15108,3
15109,1
15110,0
15111,1
15112,1
15113,1
15115,2
15117,3
15118,2
15119,0
15120,1
15121,2
15122,0
15123,2
15124,2
15125,0
15126,1
15127,3
15128,3
15131,0
15132,1
15133,2
15134,2
15135,1
15136,1
15137,1
15138,3
15139,1
15140,1
15141,2
15142,0
15143,0
15144,0
15145,0
15146,2
15147,0
15148,3
15150,1
15151,2
15152,1
15153,1
15154,2
15155,1
15156,2
15157,1
15158,1
15159,0
15160,3
15161,2
15162,2
15163,0
15164,2
15165,0
15166,1
15167,2
15168,1
15169,1
15170,2
15171,0
15172,0
15173,3
15174,2
15175,3
15176,1
15177,1
15179,2
15180,3
15181,2
15182,2
15183,1
15184,0
15185,1
15187,2
15188,1
15189,3
15190,0
15191,0
15192,3
15193,1
15194,1
15195,3
15196,2
15197,0
15198,2
15199,0
15200,1
15201,3
15202,0
15203,0
15205,2
15206,1
15207,1
15208,1
15209,0
15210,1
15211,1
15212,3
15213,3
15214,1
15215,2
15216,0
15217,1
15218,3
15219,1
15220,1
15221,2
15223,2
15224,3
15225,1
15226,1
15227,1
15228,1
15229,3
15230,1
15231,1
15232,0
15233,2
15234,0
15235,0
15236,2
15237,2
15238,1
15239,1
15240,3
15241,0
15242,0
15243,2
15244,2
15245,3
15246,3
15247,3
15248,3
15249,1
15250,2
15251,0
15252,0
15253,0
15254,3
15255,1
15256,1
15257,0
15258,2
15259,2
15260,2
15262,1
15263,3
15264,2
15265,1
15266,0
15267,2
15268,1
15269,0
15270,1
15271,1
15272,0
15273,1
15274,0
15275,1
15276,3
15277,0
15278,2
15279,3
15280,1
15281,1
15282,1
15283,3
15284,1
15285,2
15287,1
15288,1
15289,2
15290,1
15291,1
15292,1
15293,1
15294,2
15295,2
15296,1
15297,2
15298,1
15299,2
15300,1
15301,1
15302,2
15303,0
15304,1
15306,0
15307,0
15308,0
15309,0
15310,1
15311,3
15312,1
15313,1
15314,1
15315,1
15316,2
15317,2
15318,2
15319,1
15320,0
15321,2
15322,0
15323,1
15324,0
15325,2
15326,1
15327,1
15328,2
15329,0
15330,2
15331,1
15332,1
15333,1
15334,1
15335,1
15337,3
15338,0
15339,2
15340,1
15341,1
15342,2
15343,2
15344,0
15345,0
15346,0
15347,3
15348,1
15349,2
15350,1
15351,1
15352,3
15353,1
15354,1
15355,0
15356,0
15357,0
15358,1
15360,3
15361,1
15362,1
15363,3
15364,2
15365,0
15366,1
15367,1
15368,1
15369,3
15370,1
15371,3
15372,1
15373,1
15374,3
15375,1
15376,1
15377,1
15378,2
15379,3
15380,1
15381,3
15382,1
15383,1
15384,1
15385,2
15386,1
15387,1
15388,3
15389,2
15390,2
15391,1
15392,3
15393,0
15395,2
15396,1
15397,2
15398,0
15399,1
15400,1
15401,1
15402,0
15403,2
15404,3
15405,3
15406,3
15407,2
15408,1
15409,3
15411,0
15412,1
15413,3
15414,1
15415,1
15416,3
15418,0
15419,0
15421,0
15425,2
15426,1
15427,1
15429,1
15430,1
15431,1
15432,2
15434,1
15435,2
15436,1
15437,2
15438,1
15439,1
15440,1
15441,1
15442,2
15444,3
15445,1
15446,3
15447,1
15448,3
15449,1
15451,2
15452,2
15453,0
15454,1
15455,0
15456,0
15457,1
15458,1
15459,2
15460,3
15461,2
15462,0
15463,2
15464,1
15465,0
15466,1
15467,0
15468,2
15469,2
15470,1
15471,2
15472,2
15473,0
15474,1
15475,2
15476,0
15477,2
15478,1
15479,2
15480,0
15481,0
15482,1
15483,1
15484,1
15485,1
15486,1
15487,2
15488,3
15489,2
15490,1
15491,3
15492,1
15493,3
15494,0
15495,1
15496,2
15497,1
15498,0
15499,1
15500,2
15501,1
15502,1
15503,1
15504,2
15505,1
15506,1
15507,1
15508,2
15509,0
15510,0
15511,1
15512,2
15513,0
15515,0
15516,0
15517,2
15518,2
15519,2
15520,1
15521,1
15522,0
15523,1
15524,0
15525,1
15526,1
15527,3
15528,1
15529,2
15530,3
15531,2
15532,0
15533,1
15534,1
15535,1
15536,2
15537,0
15538,0
15539,0
15540,2
15541,3
15542,2
15543,1
15544,1
15545,1
15546,1
15547,0
15549,1
15550,1
15551,1
15552,0
15553,1
15555,2
15556,1
15557,2
15558,3
15559,2
15560,2
15561,1
15562,2
15563,2
15564,1
15565,2
15566,2
15567,2
15568,1
15569,3
15570,0
15571,2
15572,1
15573,3
15575,2
15576,0
15577,2
15578,3
15579,0
15580,1
15581,3
15582,2
15583,3
15584,2
15585,0
15586,1
15587,2
15588,0
15589,0
15590,3
15591,0
15592,0
15593,1
15594,2
15595,1
15596,1
15597,1
15598,3
15599,1
15600,0
15601,1
15602,0
15603,3
15604,0
15605,1
15606,1
15608,1
15609,1
15610,1
15611,1
15612,0
15613,1
15614,3
15615,0
15616,3
15617,1
15619,0
15621,1
15622,0
15623,1
15624,0
15625,0
15626,1
15627,2
15628,1
15629,1
15630,1
15631,3
15632,1
15633,2
15634,0
15635,0
15636,1
15637,1
15638,1
15639,2
15641,0
15642,1
15643,2
15644,0
15645,1
15647,1
15648,2
15649,2
15650,2
15651,3
15652,2
15653,1
15654,1
15655,2
15656,2
15657,1
15658,0
15659,0
15660,1
15661,0
15662,1
15664,0
15665,1
15666,1
15667,2
15668,1
15669,3
15670,1
15671,1
15672,2
15673,2
15675,1
15676,3
15677,3
15678,3
15679,1
15680,2
15681,0
15682,2
15683,1
15684,1
15685,1
15686,0
15687,3
15688,0
15689,0
15690,0
15691,1
15692,1
15693,1
15694,1
15695,0
15696,0
15697,1
15698,2
15699,2
15700,1
15702,1
15703,2
15705,0
15706,0
15707,0
15708,0
15709,0
15710,1
15711,2
15712,1
15713,1
15714,1
15715,1
15716,1
15717,1
15718,3
15719,1
15720,1
15721,0
15722,0
15723,3
15724,0
15725,1
15726,0
15727,1
15728,3
15730,3
15731,2
15733,2
15734,1
15735,3
15736,3
15737,1
15739,1
15740,0
15741,0
15742,2
15743,0
15745,0
15746,2
15747,2
15748,2
15749,2
15750,3
15751,3
15752,0
15753,2
15754,3
15755,0
15757,1
15758,2
15759,1
15760,1
15761,3
15762,3
15763,1
15764,2
15765,1
15766,0
15767,3
15768,0
15769,3
15770,3
15771,0
15772,2
15773,1
15774,1
15775,1
15776,1
15777,0
15778,1
15779,2
15780,2
15781,2
15782,1
15783,0
15784,1
15785,1
15786,1
15787,1
15788,1
15789,1
15790,2
15791,2
15792,2
15793,1
15794,2
15795,2
15796,1
15797,0
15798,1
15799,2
15800,0
15801,1
15802,1
15803,1
15804,1
15805,1
15806,3
15807,1
15808,2
15809,2
15810,2
15811,0
15812,0
15813,0
15814,1
15815,0
15816,1
15817,1
15818,0
15819,1
15820,3
15821,0
15822,1
15823,0
15824,3
15825,1
15826,2
15827,0
15828,1
15829,0
15830,3
15831,2
15832,3
15833,1
15834,1
15835,1
15836,0
15837,0
15838,0
15839,0
15840,0
15841,2
15842,1
15843,2
15844,1
15845,1
15846,3
15847,3
15848,1
15849,1
15850,3
15851,0
15852,1
15853,1
15854,0
15855,1
15856,3
15857,1
15858,2
15859,1
15860,0
15861,1
15862,2
15863,1
15864,3
15865,2
15866,2
15867,2
15868,3
15869,1
15870,1
15871,2
15872,3
15873,1
15874,2
15875,0
15876,1
15877,3
15878,1
15879,1
15880,0
15881,1
15882,1
15884,2
15885,0
15886,0
15887,2
15888,2
15889,3
15890,0
15891,1
15892,2
15893,1
15894,0
15895,1
15898,2
15899,0
15900,0
15901,3
15902,2
15903,1
15904,3
15905,3
15906,0
15907,2
15909,3
15910,0
15911,1
15912,2
15913,2
15914,3
15915,0
15916,3
15917,2
15918,0
15919,1
15920,3
15921,1
15922,1
15923,0
15924,2
15925,3
15926,1
15927,2
15928,1
15929,0
15930,1
15931,1
15932,2
15933,0
15934,1
15935,0
15936,1
15937,0
15938,3
15939,0
15940,0
15941,1
15942,1
15943,2
15944,0
15945,2
15946,3
15947,0
15948,0
15949,2
15950,0
15951,2
15952,1
15953,0
15954,1
15955,1
15956,3
15957,0
15958,1
15959,2
15960,3
15962,2
15963,1
15964,1
15965,2
15966,3
15967,3
15968,1
15969,0
15970,1
15971,2
15972,1
15973,0
15974,2
15975,2
15976,0
15977,3
15978,0
15979,2
15980,1
15981,2
15982,2
15983,1
15984,1
15985,2
15986,0
15987,1
15988,1
15989,0
15990,2
15991,1
15992,1
15993,2
15994,2
15995,3
15996,0
15997,2
15998,1
15999,2
16000,2
16001,1
16002,1
16003,0
16004,2
16005,1
16006,0
16007,1
16008,1
16009,3
16010,1
16011,3
16012,1
16013,0
16014,0
16015,2
16016,1
16017,1
16018,2
16020,0
16021,0
16022,2
16023,1
16024,3
16025,0
16026,2
16027,0
16028,0
16029,0
16030,2
16031,0
16032,0
16033,1
16034,0
16035,1
16036,2
16037,2
16038,1
16039,0
16040,0
16041,0
16042,2
16043,2
16044,0
16045,2
16046,2
16047,1
16048,2
16049,2
16050,3
16051,0
16052,1
16053,1
16054,0
16055,2
16056,1
16057,0
16058,0
16059,1
16061,0
16062,3
16063,0
16064,1
16065,0
16066,0
16067,1
16068,1
16069,1
16070,1
16071,0
16072,1
16073,2
16074,0
16075,1
16076,1
16077,2
16078,2
16080,1
16081,3
16082,1
16083,1
16084,3
16085,0
16086,0
16087,1
16088,1
16089,1
16090,1
16091,3
16092,0
16093,3
16094,1
16095,1
16096,1
16097,2
16098,2
16099,2
16100,0
16101,1
16102,2
16103,0
16104,1
16105,1
16106,3
16108,1
16109,1
16110,2
16111,1
16112,1
16113,3
16114,1
16115,0
16116,1
16117,1
16118,1
16119,2
16120,1
16121,0
16122,1
16123,0
16124,3
16125,0
16126,0
16127,0
16128,0
16129,2
16130,3
16131,2
16132,2
16133,1
16135,1
16136,1
16137,1
16138,2
16139,1
16141,0
16142,3
16143,2
16144,3
16145,3
16147,1
16148,2
16149,1
16150,0
16151,0
16152,2
16153,2
16154,1
16155,2
16156,2
16157,2
16158,2
16159,3
16160,1
16161,0
16162,2
16163,1
16164,1
16165,1
16166,2
16167,1
16168,1
16169,0
16170,1
16171,0
16172,2
16173,2
16174,0
16175,1
16176,2
16177,2
16178,1
16179,0
16180,0
16181,0
16183,3
16184,1
16185,0
16186,1
16187,2
16188,0
16189,1
16190,0
16191,2
16192,1
16193,3
16194,0
16196,3
16197,2
16201,1
16202,0
16203,1
16204,0
16205,1
16206,2
16207,1
16208,1
16209,1
16210,2
16211,1
16212,2
16213,1
16214,1
16215,1
16216,0
16217,1
16218,2
16219,2
16220,2
16221,1
16223,1
16224,3
16225,1
16226,0
16227,2
16228,1
16230,1
16231,1
16232,1
16233,1
16234,1
16235,1
16236,2
16238,0
16239,3
16240,3
16241,2
16242,1
16243,1
16244,1
16245,1
16246,3
16247,0
16248,1
16250,3
16251,2
16252,2
16253,3
16254,1
16255,0
16257,1
16258,1
16259,0
16261,3
16262,0
16264,1
16265,1
16266,3
16267,3
16268,1
16269,1
16270,0
16271,1
16272,1
16274,0
16275,1
16276,1
16277,3
16278,1
16279,0
16280,0
16281,2
16282,0
16283,0
16284,2
16285,1
16286,0
16287,1
16288,1
16289,0
16290,1
16291,0
16292,1
16293,1
16294,3
16295,1
16296,1
16297,1
16298,3
16299,3
16300,1
16301,0
16302,3
16303,0
16304,2
16305,3
16306,1
16307,0
16308,1
16309,3
16310,1
16311,1
16312,0
16313,0
16314,1
16315,2
16317,2
16318,0
16319,2
16321,2
16323,2
16324,2
16325,1
16326,1
16327,1
16328,1
16329,2
16330,0
16331,3
16332,1
16333,1
16334,3
16335,2
16336,0
16337,2
16338,1
16339,1
16340,3
16341,1
16342,0
16343,1
16344,1
16345,2
16346,1
16347,3
16348,1
16349,1
16350,3
16351,2
16352,3
16353,1
16354,2
16355,1
16356,1
16357,0
16358,2
16359,3
16360,1
16361,3
16362,1
16363,3
16364,0
16365,1
16366,0
16367,3
16368,3
16370,0
16371,1
16372,2
16373,3
16374,2
16375,2
16376,1
16377,3
16378,2
16380,1
16382,0
16383,1
16384,1
16385,1
16386,2
16387,3
16388,1
16389,1
16390,0
16391,1
16393,3
16394,1
16395,2
16396,0
16397,3
16398,3
16399,1
16400,1
16401,2
16402,1
16403,1
16404,2
16405,1
16407,0
16408,2
16409,2
16410,0
16411,2
16412,2
16413,1
16414,1
16415,3
16416,2
16417,2
16418,0
16419,0
16420,1
16421,0
16422,1
16424,3
16425,1
16426,0
16427,1
16429,3
16430,2
16432,0
16434,1
16435,0
16436,2
16437,0
16438,2
16439,1
16440,2
16441,0
16442,1
16443,3
16444,2
16447,2
16448,3
16449,1
16450,1
16451,2
16452,2
16453,1
16454,1
16455,3
16456,1
16457,1
16458,2
16459,2
16460,1
16461,1
16462,2
16464,1
16465,3
16466,1
16467,2
16468,3
16469,1
16470,2
16471,1
16472,0
16473,0
16474,1
16476,0
16477,0
16478,0
16479,2
16480,2
16481,1
16482,1
16483,1
16484,1
16485,3
16486,2
16487,0
16488,2
16489,1
16490,1
16492,2
16493,1
16494,2
16495,2
16497,0
16498,1
16499,1
16500,0
16501,1
16502,2
16503,0
16504,2
16505,1
16506,0
16507,1
16508,1
16509,2
16510,2
16511,0
16512,1
16513,1
16514,1
16515,2
16516,3
16517,1
16518,2
16519,0
16520,0
16521,1
16522,3
16523,1
16524,2
16525,1
16526,1
16527,1
16528,2
16529,1
16530,2
16531,3
16532,1
16533,2
16534,0
16535,3
16536,1
16537,2
16538,1
16539,1
16540,2
16541,1
16542,1
16543,2
16544,3
16545,1
16547,1
16548,3
16549,3
16550,3
16551,2
16552,0
16553,1
16554,1
16555,3
16556,1
16557,1
16558,2
16559,1
16560,2
16561,2
16562,1
16563,3
16564,2
16565,1
16566,2
16567,2
16568,0
16569,3
16570,1
16571,0
16572,1
16573,1
16574,3
16575,0
16576,1
16577,1
16578,3
16579,1
16580,1
16581,3
16582,1
16583,1
16584,1
16585,3
16586,1
16587,1
16588,2
16589,0
16591,0
16592,3
16593,0
16594,2
16595,1
16596,0
16597,1
16598,1
16599,1
16600,2
16601,2
16602,0
16603,3
16604,2
16605,3
16606,0
16607,3
16608,1
16609,1
16610,1
16611,2
16612,2
16613,1
16614,1
16615,1
16618,2
16619,1
16620,2
16621,2
16623,0
16624,2
16625,0
16626,0
16627,3
16628,3
16629,0
16630,2
16631,1
16632,3
16633,0
16634,1
16635,1
16636,1
16637,3
16638,2
16639,3
16640,2
16641,2
16643,1
16644,1
16646,0
16647,3
16648,1
16649,0
16650,2
16651,3
16652,1
16653,2
16654,0
16655,1
16656,1
16657,0
16658,1
16659,2
16661,1
16662,1
16663,0
16664,1
16665,2
16666,1
16667,3
16668,3
16669,1
16670,1
16671,0
16673,3
16674,2
16675,3
16676,1
16677,1
16678,0
16679,2
16680,2
16681,1
16682,2
16683,0
16684,2
16685,0
16686,1
16687,2
16688,0
16689,2
16690,2
16691,2
16692,2
16693,0
16694,2
16695,1
16696,2
16697,0
16698,3
16699,1
16700,1
16701,1
16702,2
16703,1
16704,1
16705,0
16706,0
16707,1
16708,2
16709,3
16710,2
16711,1
16712,3
16713,1
16714,1
16715,2
16716,1
16717,2
16718,2
16719,0
16720,3
16721,0
16722,2
16723,1
16724,3
16725,3
16726,1
16727,1
16728,1
16729,1
16730,0
16731,1
16732,0
16733,1
16734,1
16735,3
16736,1
16737,2
16738,0
16739,1
16740,0
16741,3
16742,2
16743,1
16744,1
16745,2
16746,1
16747,2
16748,3
16749,3
16750,2
16752,2
16753,1
16754,2
16756,3
16757,0
16758,1
16759,3
16760,0
16761,1
16762,2
16763,1
16765,1
16766,1
16767,1
16768,1
16769,3
16770,1
16771,1
16772,1
16773,3
16774,0
16775,0
16776,2
16777,1
16778,0
16779,0
16780,1
16781,3
16782,2
16783,0
16784,2
16785,1
16786,2
16787,1
16788,0
16789,1
16790,1
16791,2
16792,1
16793,3
16794,1
16795,0
16796,1
16797,3
16798,1
16801,0
16802,1
16803,1
16804,2
16805,1
16806,0
16807,1
16808,0
16810,1
16811,2
16812,2
16813,0
16814,0
16815,1
16816,1
16817,0
16818,1
16820,1
16821,1
16822,1
16823,1
16824,0
16825,1
16826,1
16827,3
16828,3
16829,2
16830,2
16831,2
16832,0
16833,3
16834,2
16835,2
16836,1
16837,1
16838,0
16839,1
16840,2
16841,1
16842,2
16843,1
16844,1
16845,0
16846,3
16847,2
16848,2
16849,3
16850,3
16852,1
16853,2
16854,3
16855,2
16856,1
16857,1
16858,1
16859,1
16860,1
16861,3
16862,0
16863,1
16864,0
16865,1
16866,2
16867,0
16868,2
16869,2
16870,1
16872,2
16873,2
16875,2
16876,1
16877,1
16878,0
16879,0
16880,1
16881,3
16882,1
16883,0
16884,1
16885,2
16886,1
16887,3
16888,0
16889,1
16891,3
16892,1
16893,1
16894,0
16895,0
16896,3
16897,2
16898,2
16899,3
16900,1
16901,3
16902,0
16903,3
16904,1
16905,2
16906,2
16907,2
16908,2
16909,3
16910,1
16911,3
16912,2
16913,3
16914,1
16915,3
16916,2
16917,3
16918,0
16919,1
16920,1
16921,1
16922,0
16923,1
16924,2
16925,2
16926,1
16927,1
16930,3
16931,2
16932,1
16934,1
16935,0
16936,2
16938,1
16939,0
16940,0
16941,1
16942,0
16943,1
16944,0
16945,3
16946,1
16947,2
16948,1
16949,2
16950,1
16951,1
16952,2
16953,3
16954,1
16956,1
16957,1
16958,1
16959,2
16960,1
16961,1
16962,2
16963,0
16964,1
16965,1
16966,0
16967,1
16968,1
16969,1
16970,1
16971,1
16972,2
16973,1
16974,2
16975,2
16976,1
16977,0
16978,2
16979,2
16980,1
16981,1
16982,2
16983,3
16984,0
16985,1
16988,0
16989,1
16990,2
16991,0
16992,3
16993,1
16994,1
16995,2
16996,2
16997,0
16998,1
16999,1
17000,2
17001,2
17002,0
17003,2
17004,1
17005,1
17006,2
17007,0
17008,2
17009,0
17010,0
17011,1
17012,0
17013,0
17014,1
17016,1
17017,1
17018,2
17019,0
17020,3
17022,3
17023,0
17024,1
17025,3
17026,1
17027,1
17028,0
17029,0
17030,1
17031,2
17032,2
17033,1
17034,1
17035,1
17036,0
17037,1
17038,0
17039,2
17041,3
17042,1
17043,1
17044,0
17045,2
17046,1
17047,2
17048,1
17049,3
17051,1
17052,1
17053,1
17055,3
17056,1
17057,1
17058,1
17059,1
17060,2
17061,1
17062,0
17063,1
17064,2
17065,3
17066,2
17067,2
17068,1
17069,1
17070,2
17071,3
17073,2
17074,3
17075,1
17076,1
17077,1
17078,0
17079,3
17080,1
17081,3
17082,0
17083,2
17084,2
17085,1
17086,3
17087,2
17088,1
17089,1
17090,1
17091,1
17092,0
17093,2
17094,3
17095,0
17096,1
17097,2
17098,0
17099,1
17100,2
17101,3
17103,1
17104,3
17105,2
17106,2
17107,1
17108,0
17109,3
17110,1
17111,1
17112,2
17113,1
17114,0
17115,1
17116,1
17117,1
17118,3
17119,3
17120,2
17121,2
17122,1
17123,0
17124,0
17125,2
17126,1
17127,0
17128,1
17129,2
17130,0
17131,1
17133,1
17134,2
17135,0
17136,1
17137,2
17138,2
17139,3
17140,0
17141,2
17142,2
17143,1
17144,2
17145,0
17146,1
17147,2
17148,0
17149,3
17150,2
17151,1
17152,2
17153,2
17154,0
17155,2
17156,1
17157,1
17159,2
17160,2
17161,2
17162,2
17163,1
17164,2
17166,0
17167,1
17168,1
17169,2
17170,3
17171,1
17172,1
17173,2
17174,2
17175,0
17176,1
17177,3
17178,0
17179,1
17180,2
17181,1
17182,1
17183,2
17184,1
17185,3
17186,2
17187,3
17188,2
17189,2
17190,0
17191,1
17192,2
17193,2
17194,0
17195,2
17196,1
17197,3
17198,2
17199,2
17200,3
17201,0
17202,1
17204,1
17205,3
17206,1
17207,1
17208,2
17209,2
17210,2
17211,0
17212,3
17213,1
17214,0
17215,2
17216,0
17217,2
17218,1
17219,1
17220,1
17221,1
17222,1
17223,1
17224,0
17225,0
17226,2
17227,1
17228,1
17229,1
17230,1
17231,3
17232,1
17233,1
17234,2
17235,0
17237,0
17238,2
17239,1
17241,1
17242,3
17244,1
17245,2
17246,1
17247,1
17248,2
17249,3
17250,0
17252,1
17253,1
17254,1
17255,1
17256,2
17258,2
17259,0
17261,1
17263,1
17264,2
17265,2
17266,2
17267,2
17268,3
17269,3
17270,1
17271,1
17272,2
17273,1
17274,1
17275,3
17276,2
17277,0
17278,2
17279,1
17280,2
17281,1
17282,2
17284,1
17285,3
17286,3
17287,0
17288,1
17289,2
17290,1
17291,0
17292,3
17294,3
17295,0
17296,2
17297,1
17298,1
17299,0
17300,0
17301,2
17303,2
17304,2
17305,2
17306,0
17307,3
17308,3
17309,0
17310,0
17311,1
17312,0
17313,1
17314,0
17315,1
17316,1
17317,2
17318,1
17319,0
17320,2
17321,1
17322,0
17323,3
17324,3
17325,1
17326,2
17327,1
17328,3
17329,1
17330,0
17331,2
17332,1
17333,0
17334,1
17335,0
17336,3
17337,1
17338,2
17339,2
17340,2
17341,2
17342,2
17343,2
17344,1
17345,2
17346,1
17348,1
17350,1
17351,1
17352,1
17353,0
17354,3
17355,0
17356,1
17357,1
17358,2
17359,0
17360,1
17362,2
17364,0
17365,0
17366,2
17367,3
17368,2
17369,1
17370,3
17371,1
17372,1
17373,1
17374,2
17376,1
17377,3
17378,1
17379,0
17380,2
17381,1
17382,1
17383,0
17384,1
17385,1
17386,1
17389,1
17390,2
17391,3
17392,2
17393,0
17394,3
17395,0
17396,1
17397,0
17399,0
17400,3
17401,2
17402,1
17403,3
17404,0
17406,0
17407,3
17408,1
17409,0
17410,2
17411,2
17412,1
17413,0
17414,0
17415,2
17416,2
17417,3
17418,2
17419,1
17420,1
17421,2
17422,1
17423,0
17424,1
17425,3
17426,2
17427,2
17428,3
17430,2
17431,0
17432,2
17433,0
17434,1
17435,3
17436,2
17437,2
17438,3
17439,1
17440,2
17441,2
17442,1
17443,0
17444,1
17445,1
17446,1
17447,1
17448,3
17449,1
17450,0
17451,2
17452,1
17453,2
17454,0
17455,1
17456,3
17457,2
17458,0
17459,1
17460,0
17461,1
17462,1
17463,2
17464,3
17465,0
17466,2
17467,2
17468,1
17469,3
17470,1
17471,1
17472,0
17473,2
17475,3
17476,0
17477,1
17479,0
17480,0
17481,2
17482,2
17483,0
17484,0
17485,2
17486,1
17487,0
17488,3
17489,0
17490,3
17491,2
17492,3
17493,2
17494,0
17495,1
17496,0
17497,0
17498,1
17500,1
17501,1
17502,1
17503,0
17504,1
17505,2
17506,2
17507,2
17509,2
17510,1
17511,1
17512,1
17513,2
17514,1
17515,1
17516,1
17517,1
17518,2
17519,0
17521,1
17522,0
17523,2
17524,0
17525,2
17526,0
17527,1
17528,1
17529,2
17531,1
17532,0
17533,2
17534,1
17535,2
17536,2
17537,2
17538,1
17539,0
17540,2
17541,0
17542,1
17543,1
17545,2
17546,1
17547,1
17548,2
17549,1
17550,1
17551,3
17552,1
17553,3
17554,0
17555,2
17556,0
17557,3
17558,1
17559,2
17560,1
17561,1
17562,2
17563,0
17564,2
17565,2
17566,2
17567,0
17568,0
17569,2
17570,2
17571,2
17572,0
17573,1
17574,1
17576,1
17577,1
17578,1
17579,1
17580,0
17581,1
17582,3
17583,1
17584,1
17586,1
17588,0
17590,0
17591,1
17593,3
17594,3
17595,1
17596,1
17597,0
17598,0
17599,1
17600,0
17601,1
17602,0
17603,1
17604,2
17605,1
17606,0
17607,1
17608,1
17609,3
17610,0
17611,2
17612,2
17613,0
17615,1
17616,1
17617,2
17618,2
17619,0
17621,1
17622,2
17623,0
17624,0
17625,0
17626,1
17627,1
17628,2
17629,3
17630,2
17631,2
17632,2
17633,0
17634,0
17635,1
17636,1
17637,2
17638,3
17639,0
17640,1
17641,1
17642,1
17643,1
17645,1
17646,2
17647,1
17648,1
17649,1
17650,0
17651,2
17652,1
17654,3
17655,1
17656,1
17657,1
17658,2
17659,0
17660,0
17661,1
17662,0
17663,2
17664,1
17665,0
17666,0
17667,2
17668,3
17669,0
17670,2
17671,2
17672,2
17673,2
17674,2
17675,3
17676,1
17677,1
17678,3
17679,2
17680,2
17682,2
17683,2
17684,0
17685,1
17686,1
17687,2
17688,2
17689,1
17690,0
17691,3
17692,0
17693,3
17694,1
17695,1
17696,1
17697,1
17698,0
17699,0
17700,3
17701,2
17702,3
17703,1
17705,1
17706,1
17707,2
17708,2
17709,0
17710,2
17711,1
17713,1
17714,2
17715,0
17716,1
17717,1
17718,2
17719,3
17720,1
17721,2
17722,0
17723,1
17724,2
17725,1
17726,2
17727,0
17729,2
17730,1
17732,1
17733,1
17734,2
17735,0
17736,0
17737,2
17738,0
17739,2
17740,1
17742,2
17743,3
17744,0
17745,2
17746,1
17747,1
17748,2
17749,0
17750,1
17751,0
17752,1
17753,0
17754,2
17755,0
17756,3
17757,2
17758,3
17759,3
17762,0
17763,1
17764,0
17765,0
17766,0
17767,1
17768,0
17769,1
17770,1
17771,3
17772,3
17773,2
17774,2
17775,1
17776,1
17777,0
17778,3
17779,1
17780,2
17781,1
17782,1
17783,2
17784,1
17785,1
17787,3
17788,2
17789,1
17790,2
17791,1
17792,1
17795,0
17796,0
17797,0
17798,0
17799,3
17800,3
17801,1
17802,1
17803,1
17804,2
17805,0
17806,1
17807,2
17808,1
17809,0
17810,1
17812,2
17813,1
17814,2
17815,1
17816,2
17817,3
17818,2
17819,1
17820,1
17821,2
17822,1
17823,0
17824,1
17825,2
17826,1
17827,1
17828,2
17829,3
17830,3
17831,1
17832,1
17834,0
17835,0
17836,3
17837,2
17838,1
17839,3
17840,0
17841,1
17842,0
17843,3
17844,0
17845,2
17846,1
17847,0
17848,0
17849,0
17850,2
17851,3
17852,2
17854,1
17855,2
17856,1
17857,2
17858,1
17859,0
17860,1
17861,2
17862,1
17863,2
17864,1
17865,0
17866,3
17867,1
17868,0
17869,3
17870,2
17871,3
17872,2
17873,1
17874,2
17875,1
17876,1
17877,3
17878,1
17879,3
17880,3
17881,2
17882,1
17883,2
17884,1
17885,3
17886,1
17887,2
17888,1
17889,1
17890,2
17891,0
17892,1
17894,1
17895,2
17896,1
17897,3
17898,2
17899,0
17900,2
17901,3
17902,1
17903,0
17904,2
17906,1
17907,1
17908,1
17909,2
17910,2
17911,1
17912,1
17913,1
17914,3
17915,3
17916,2
17917,2
17918,1
17920,1
17921,1
17922,2
17923,1
17924,2
17925,3
17926,1
17927,1
17928,1
17929,2
17930,1
17931,2
17932,2
17933,1
17934,1
17936,1
17937,1
17938,1
17939,1
17940,1
17941,1
17942,1
17943,2
17944,1
17945,0
17946,3
17947,1
17948,2
17949,1
17950,1
17951,2
17952,3
17953,2
17955,1
17956,0
17957,1
17958,2
17959,2
17960,2
17961,1
17962,1
17963,1
17964,0
17965,2
17967,2
17968,2
17969,0
17970,0
17971,1
17972,3
17973,1
17974,2
17975,1
17976,2
17977,1
17978,0
17979,3
17980,2
17981,1
17982,3
17984,1
17985,1
17986,2
17987,1
17988,2
17989,0
17990,1
17991,0
17992,0
17993,1
17994,1
17995,2
17996,1
17997,2
17998,2
17999,1
18000,1
18001,3
18002,1
18004,0
18006,1
18007,1
18008,1
18009,1
18010,2
18011,1
18012,1
18013,0
18014,1
18015,1
18016,0
18017,1
18018,2
18019,1
18020,0
18021,2
18022,2
18023,2
18024,2
18025,1
18026,1
18027,1
18028,0
18029,2
18030,0
18031,2
18032,1
18033,0
18034,1
18036,1
18037,2
18038,3
18039,1
18040,2
18041,2
18042,1
18043,1
18044,1
18045,1
18046,2
18047,1
18048,1
18049,0
18050,2
18051,3
18052,0
18053,1
18054,2
18055,2
18056,1
18057,1
18058,0
18059,3
18060,1
18061,1
18062,1
18063,1
18064,1
18065,1
18066,1
18067,2
18068,0
18069,2
18070,2
18071,3
18072,1
18073,2
18074,2
18075,0
18076,1
18077,3
18078,2
18079,3
18080,0
18081,2
18082,1
18083,0
18084,0
18085,1
18086,2
18087,1
18088,1
18089,2
18090,2
18091,3
18092,3
18093,2
18094,1
18095,1
18096,2
18098,2
18099,3
18100,0
18101,1
18102,1
18103,0
18104,1
18105,2
18106,2
18107,2
18109,2
18110,1
18111,1
18112,2
18113,2
18114,1
18115,1
18116,0
18117,2
18118,1
18119,3
18120,0
18121,2
18122,1
18123,2
18124,3
18125,1
18126,2
18127,0
18128,3
18129,1
18130,3
18131,2
18132,0
18133,1
18134,1
18135,2
18136,2
18137,1
18138,2
18139,0
18140,0
18141,3
18142,0
18143,1
18144,2
18145,2
18146,3
18147,3
18148,1
18149,1
18150,1
18151,3
18152,0
18153,2
18155,3
18156,1
18157,1
18158,2
18159,0
18160,1
18161,3
18162,3
18163,1
18164,3
18165,2
18166,1
18167,1
18168,2
18169,1
18170,2
18171,2
18172,2
18173,3
18174,0
18175,0
18177,1
18178,0
18179,1
18180,0
18182,2
18183,0
18184,1
18185,1
18186,2
18187,0
18188,1
18189,0
18190,0
18191,2
18192,2
18193,0
18194,1
18195,3
18197,3
18199,1
18200,1
18201,1
18202,2
18203,3
18204,0
18205,1
18206,1
18207,2
18208,2
18209,2
18210,1
18211,2
18212,2
18213,1
18214,0
18215,1
18216,1
18217,1
18219,2
18220,1
18221,1
18222,2
18223,1
18224,3
18226,1
18227,0
18228,2
18229,1
18230,1
18231,3
18232,1
18233,1
18234,3
18235,0
18236,0
18237,1
18238,0
18239,1
18240,1
18241,2
18242,0
18243,1
18244,1
18245,1
18246,1
18247,2
18248,0
18249,3
18250,2
18251,1
18252,1
18253,2
18254,3
18255,0
18256,1
18257,2
18258,0
18259,0
18260,1
18261,1
18262,1
18263,0
18264,1
18265,2
18266,1
18267,2
18268,3
18269,1
18270,2
18271,2
18272,3
18273,3
18274,2
18275,1
18276,3
18277,3
18278,0
18279,1
18280,1
18281,0
18282,1
18284,0
18285,1
18286,3
18287,1
18288,2
18289,3
18290,1
18292,1
18293,1
18294,3
18295,1
18296,2
18297,3
18298,0
18299,1
18300,1
18301,1
18302,2
18303,2
18304,0
18305,1
18306,1
18307,1
18308,2
18309,0
18310,3
18311,1
18312,1
18313,0
18314,1
18315,2
18316,1
18317,2
18318,0
18319,3
18320,0
18321,1
18322,1
18323,1
18324,2
18325,2
18326,1
18327,0
18328,1
18329,1
18330,2
18331,0
18332,0
18333,2
18335,1
18336,1
18337,2
18338,1
18339,3
18341,3
18342,1
18343,1
18345,3
18346,2
18347,0
18348,1
18349,0
18350,3
18351,1
18352,2
18353,1
18354,1
18355,1
18356,2
18357,1
18358,1
18359,1
18360,2
18361,2
18362,1
18363,1
18364,2
18365,1
18366,2
18367,3
18368,2
18370,3
18372,1
18373,1
18374,1
18375,2
18376,1
18377,3
18378,1
18379,1
18380,0
18381,2
18382,2
18383,1
18384,1
18386,1
18387,1
18388,0
18389,2
18390,1
18391,2
18392,2
18393,2
18394,1
18395,3
18396,1
18397,1
18398,2
18399,0
18400,1
18401,1
18402,2
18403,3
18404,3
18405,1
18406,1
18407,0
18408,0
18409,0
18410,0
18411,0
18412,3
18413,1
18414,1
18415,3
18416,1
18417,2
18419,0
18420,1
18421,2
18422,1
18423,1
18424,1
18425,1
18426,0
18427,0
18428,3
18429,0
18430,1
18431,1
18432,1
18433,3
18434,1
18435,1
18436,1
18437,3
18438,1
18439,1
18440,2
18442,1
18443,3
18444,1
18445,3
18446,1
18447,1
18448,2
18449,0
18450,2
18451,0
18452,0
18453,3
18454,1
18455,3
18456,1
18457,1
18458,2
18459,2
18460,2
18461,3
18462,2
18463,1
18464,3
18465,0
18467,1
18468,0
18469,1
18471,1
18472,1
18473,1
18474,0
18476,1
18477,1
18478,2
18479,1
18480,0
18481,0
18482,1
18483,2
18484,3
18485,2
18486,1
18487,2
18488,0
18489,2
18490,1
18492,3
18493,0
18494,1
18495,3
18496,1
18497,2
18498,0
18500,1
18502,1
18503,3
18504,1
18505,2
18506,1
18507,0
18508,3
18509,1
18510,2
18511,1
18512,1
18513,1
18514,3
18515,0
18516,3
18517,1
18518,0
18520,0
18521,0
18522,1
18523,1
18524,0
18525,3
18526,2
18527,1
18528,2
18529,1
18530,2
18531,1
18532,2
18533,1
18534,0
18535,3
18536,2
18537,0
18538,1
18539,1
18540,1
18541,0
18542,0
18543,1
18544,3
18545,1
18546,1
18547,0
18548,2
18549,2
18550,2
18551,3
18552,3
18553,3
18554,0
18555,1
18556,2
18557,1
18558,1
18559,0
18560,2
18561,1
18562,3
18563,0
18565,1
18566,3
18567,2
18568,2
18569,1
18570,0
18571,0
18572,0
18573,2
18574,1
18575,3
18576,1
18577,1
18578,1
18579,3
18580,1
18581,0
18582,1
18583,3
18584,1
18585,1
18587,1
18588,1
18589,1
18591,0
18592,2
18593,2
18594,1
18595,0
18596,1
18597,1
18598,1
18599,3
18600,1
18601,1
18602,0
18603,3
18604,2
18605,1
18606,1
18607,3
18608,1
18609,3
18610,3
18612,1
18613,2
18614,2
18615,1
18617,1
18618,2
18619,0
18620,1
18621,1
18622,0
18623,1
18624,2
18625,2
18626,0
18627,0
18628,0
18629,2
18630,1
18631,3
18632,1
18633,1
18634,0
18635,1
18636,1
18637,1
18638,3
18640,1
18641,2
18642,1
18643,3
18644,1
18645,2
18646,1
18647,1
18649,0
18650,2
18651,1
18652,1
18653,1
18654,1
18656,2
18657,3
18658,1
18659,1
18660,3
18661,1
18662,0
18663,1
18664,0
18665,2
18667,0
18668,1
18669,2
18670,1
18671,1
18672,1
18673,2
18674,0
18675,3
18676,1
18677,1
18678,2
18679,1
18680,1
18681,1
18682,3
18683,3
18684,2
18685,2
18686,2
18687,0
18688,3
18689,2
18690,0
18691,0
18692,0
18693,0
18694,2
18695,0
18696,2
18697,1
18698,1
18699,2
18700,2
18701,2
18702,1
18703,1
18704,0
18705,2
18706,1
18707,1
18708,2
18709,1
18710,0
18711,1
18712,2
18713,1
18714,1
18715,0
18716,1
18718,1
18719,3
18721,2
18722,1
18723,2
18724,0
18725,3
18726,1
18727,0
18729,3
18730,1
18731,1
18732,2
18733,1
18734,0
18735,3
18736,0
18737,0
18738,2
18739,2
18740,0
18741,3
18742,1
18743,1
18744,2
18745,1
18746,0
18747,1
18748,1
18749,0
18750,0
18751,2
18752,1
18753,1
18754,2
18755,3
18756,3
18757,2
18758,0
18759,1
18760,0
18761,1
18762,1
18763,1
18764,1
18765,1
18766,1
18767,0
18768,1
18769,1
18770,0
18771,3
18772,1
18773,1
18774,0
18775,2
18776,2
18777,0
18778,1
18779,2
18780,1
18781,3
18782,0
18783,1
18784,1
18785,3
18786,2
18787,0
18788,2
18789,3
18790,1
18791,3
18792,2
18793,2
18794,1
18795,1
18796,1
18797,2
18798,0
18799,0
18800,3
18801,1
18802,3
18803,2
18805,3
18806,2
18808,1
18809,1
18810,3
18811,0
18812,2
18813,1
18814,0
18815,2
18816,2
18818,1
18819,0
18820,2
18821,1
18822,2
18823,2
18824,2
18825,1
18826,3
18827,0
18828,3
18830,3
18831,1
18832,3
18833,1
18834,2
18835,1
18836,1
18837,2
18838,2
18839,3
18841,3
18842,3
18844,2
18845,1
18846,0
18847,1
18848,2
18849,2
18850,1
18851,1
18852,0
18853,3
18854,3
18855,3
18856,2
18858,1
18859,0
18860,1
18861,2
18862,2
18863,2
18864,2
18865,3
18867,2
18868,3
18869,2
18870,2
18871,0
18872,2
18873,1
18874,1
18875,3
18876,3
18877,0
18878,1
18879,0
18880,1
18881,1
18882,1
18883,1
18884,1
18885,0
18886,1
18888,1
18889,3
18890,0
18891,1
18893,2
18894,1
18895,2
18896,0
18897,1
18898,2
18899,1
18900,2
18901,1
18902,1
18903,0
18904,2
18905,2
18906,2
18907,3
18908,0
18909,0
18910,1
18911,1
18912,0
18913,1
18914,1
18915,2
18916,2
18917,2
18918,0
18919,2
18920,1
18921,3
18922,1
18923,1
18924,3
18925,0
18926,2
18927,1
18928,1
18929,1
18930,3
18931,1
18932,1
18933,1
18934,2
18935,3
18936,0
18937,1
18940,1
18941,2
18942,1
18943,3
18944,2
18945,3
18946,0
18947,1
18948,2
18949,0
18950,1
18951,1
18952,1
18953,3
18954,1
18955,2
18956,0
18957,2
18958,1
18959,0
18960,2
18961,1
18962,0
18963,2
18964,3
18966,1
18967,1
18968,2
18969,3
18970,3
18971,2
18972,1
18973,0
18974,1
18975,0
18976,3
18977,2
18978,1
18979,1
18980,1
18981,0
18982,0
18983,1
18984,2
18985,3
18986,1
18987,3
18988,0
18989,0
18990,1
18991,2
18992,0
18994,0
18995,2
18996,1
18997,3
18998,1
18999,0
19000,2
19001,0
19002,1
19003,1
19004,1
19006,3
19007,1
19008,1
19009,1
19010,2
19012,1
19013,1
19014,1
19015,1
19016,2
19017,1
19018,1
19019,2
19021,3
19022,1
19024,3
19025,0
19026,1
19027,1
19028,2
19029,1
19030,2
19031,3
19032,3
19033,3
19034,2
19035,1
19037,1
19038,1
19039,3
19040,1
19041,0
19042,3
19043,2
19044,1
19045,3
19046,1
19047,2
19048,2
19049,3
19050,0
19051,2
19052,3
19053,2
19054,1
19055,1
19056,2
19057,1
19058,1
19059,1
19060,0
19061,2
19062,1
19063,2
19064,2
19065,0
19066,2
19067,1
19069,0
19070,1
19071,1
19072,1
19073,3
19074,2
19075,2
19076,2
19077,1
19078,0
19079,1
19080,1
19081,0
19082,1
19083,0
19084,1
19085,2
19086,1
19088,0
19089,1
19090,1
19091,1
19092,1
19093,2
19094,3
19095,1
19096,3
19097,1
19098,2
19099,1
19101,1
19102,2
19103,1
19104,1
19105,1
19106,1
19107,2
19108,3
19109,3
19111,0
19112,1
19113,1
19114,1
19115,0
19116,1
19117,2
19118,2
19119,1
19120,2
19121,1
19122,1
19123,0
19125,3
19126,3
19128,0
19130,1
19131,0
19132,3
19133,1
19134,2
19135,1
19136,0
19137,0
19138,1
19139,1
19140,1
19141,3
19142,1
19143,2
19144,1
19145,0
19146,1
19147,2
19148,3
19149,0
19150,2
19151,1
19152,1
19153,3
19154,3
19155,2
19156,1
19157,2
19158,1
19159,0
19160,1
19161,2
19162,2
19163,1
19164,1
19165,2
19166,0
19167,3
19168,1
19169,2
19170,2
19171,1
19172,2
19173,1
19174,1
19175,1
19177,1
19179,0
19180,1
19181,1
19182,2
19184,1
19185,1
19186,1
19187,0
19188,1
19189,1
19190,1
19191,1
19192,3
19193,1
19194,1
19195,0
19196,0
19197,1
19198,2
19199,0
19201,3
19202,1
19203,3
19204,1
19205,1
19206,2
19207,3
19208,0
19209,0
19210,1
19211,2
19212,0
19213,2
19214,2
19215,1
19216,1
19217,3
19218,2
19219,2
19220,0
19221,1
19222,1
19223,1
19224,1
19225,2
19226,1
19227,1
19228,2
19229,1
19230,0
19231,1
19232,1
19233,3
19234,0
19235,1
19236,0
19237,3
19238,3
19239,1
19240,1
19241,1
19242,0
19243,1
19244,2
19245,1
19247,1
19248,1
19250,1
19251,0
19252,1
19253,1
19254,1
19255,0
19256,3
19257,1
19258,1
19259,1
19260,1
19261,0
19262,1
19263,0
19264,3
19265,2
19266,0
19267,2
19268,2
19269,1
19270,1
19271,1
19272,1
19273,0
19274,0
19275,1
19276,1
19277,1
19278,2
19279,1
19280,1
19281,0
19282,2
19283,3
19284,1
19285,2
19286,1
19288,3
19289,1
19290,2
19291,2
19292,1
19293,1
19294,3
19295,1
19296,2
19297,2
19299,1
19300,1
19301,0
19302,3
19303,1
19304,2
19305,0
19306,2
19307,1
19308,2
19309,3
19310,3
19311,3
19312,2
19313,0
19314,2
19315,0
19316,1
19317,0
19318,2
19319,1
19320,0
19321,1
19322,1
19323,0
19324,2
19325,3
19326,1
19327,0
19328,3
19329,1
19330,1
19331,3
19332,2
19333,2
19334,1
19335,0
19336,1
19337,1
19338,1
19339,2
19340,1
19341,1
19342,1
19343,2
19344,1
19345,0
19346,0
19347,1
19348,1
19349,0
19350,2
19351,2
19352,1
19353,1
19355,1
19356,0
19357,3
19358,2
19359,2
19360,3
19362,1
19363,0
19364,3
19366,0
19367,1
19368,1
19369,2
19370,1
19371,2
19372,1
19374,0
19375,2
19376,0
19377,3
19378,1
19379,2
19380,1
19381,1
19382,2
19383,2
19384,2
19385,1
19386,2
19387,0
19388,0
19389,1
19390,2
19392,2
19393,1
19395,1
19396,1
19397,0
19398,1
19399,3
19400,2
19401,2
19402,1
19403,1
19404,3
19405,0
19406,0
19407,1
19408,3
19409,2
19410,0
19412,0
19413,0
19414,2
19415,0
19416,1
19417,0
19418,1
19419,0
19420,1
19421,1
19422,3
19423,2
19424,1
19425,1
19427,2
19428,1
19429,2
19430,3
19431,1
19432,1
19433,1
19434,0
19435,0
19436,2
19437,1
19438,0
19439,3
19440,2
19442,0
19443,0
19444,3
19445,1
19446,3
19447,2
19448,2
19449,1
19450,0
19451,1
19452,1
19453,1
19454,0
19455,0
19456,3
19457,1
19458,2
19459,0
19460,0
19461,1
19462,1
19463,2
19465,1
19466,1
19467,1
19468,0
19469,0
19470,0
19471,1
19472,3
19473,1
19475,2
19476,0
19477,1
19478,1
19479,2
19480,3
19482,2
19483,2
19484,0
19485,2
19486,2
19487,1
19488,0
19489,2
19491,1
19492,2
19493,1
19494,2
19495,1
19496,1
19497,0
19498,0
19499,3
19500,0
19501,2
19502,2
19503,2
19504,2
19505,2
19506,1
19507,1
19508,1
19509,2
19510,1
19511,1
19513,1
19514,3
19515,1
19516,2
19517,1
19518,2
19519,1
19520,0
19521,2
19522,0
19523,3
19524,1
19525,0
19526,1
19527,0
19528,1
19529,1
19530,3
19531,2
19532,1
19533,0
19535,0
19536,0
19537,0
19538,2
19539,2
19540,0
19541,1
19542,1
19543,1
19544,1
19545,2
19546,2
19548,3
19549,2
19550,1
19551,1
19552,1
19553,1
19554,3
19556,2
19557,1
19558,1
19560,1
19561,2
19562,2
19563,2
19564,0
19565,0
19566,2
19567,0
19569,2
19570,1
19571,0
19572,2
19573,1
19574,2
19575,1
19576,1
19577,3
19578,1
19579,2
19580,2
19582,0
19583,1
19584,0
19586,1
19587,1
19588,2
19589,1
19590,2
19591,0
19592,3
19593,0
19594,1
19595,1
19596,1
19597,1
19599,0
19600,3
19601,2
19602,3
19604,2
19605,2
19606,1
19607,1
19608,1
19609,1
19610,2
19611,0
19613,2
19614,1
19615,1
19616,1
19617,2
19618,0
19619,1
19620,2
19621,2
19622,1
19625,3
19626,1
19627,1
19628,1
19629,3
19630,1
19631,1
19632,2
19633,3
19634,1
19635,1
19636,1
19637,1
19638,0
19639,2
19640,0
19641,1
19642,2
19643,0
19644,0
19645,0
19646,0
19647,1
19648,2
19649,0
19650,1
19651,2
19652,0
19653,3
19654,2
19655,1
19656,1
19657,1
19658,2
19659,2
19660,3
19661,1
19662,2
19663,1
19664,1
19665,2
19666,1
19667,2
19668,3
19669,1
19670,0
19671,0
19672,1
19673,1
19675,2
19676,2
19677,0
19678,3
19680,1
19681,0
19684,2
19685,0
19686,1
19687,2
19688,1
19689,3
19690,1
19691,2
19692,1
19693,3
19694,1
19695,1
19696,0
19697,3
19698,2
19699,2
19700,1
19701,1
19702,3
19703,2
19704,1
19705,3
19706,0
19707,1
19709,2
19710,0
19712,3
19713,2
19714,3
19715,3
19716,1
19717,1
19718,3
19719,2
19720,3
19721,1
19722,1
19723,1
19724,0
19725,2
19726,0
19727,2
19728,1
19729,0
19730,1
19731,1
19732,0
19733,3
19734,1
19735,1
19736,1
19737,1
19738,0
19739,1
19740,0
19741,2
19742,0
19743,1
19744,2
19745,2
19746,1
19747,1
19748,2
19750,2
19751,3
19753,3
19754,2
19755,0
19756,2
19757,0
19758,0
19759,1
19760,0
19762,0
19763,1
19764,1
19765,0
19766,2
19767,3
19768,0
19769,2
19770,2
19771,1
19772,3
19773,0
19774,0
19775,1
19776,1
19777,1
19778,2
19779,1
19780,1
19781,1
19782,3
19783,2
19784,3
19785,1
19786,0
19787,1
19788,1
19789,2
19790,1
19791,1
19792,2
19793,0
19794,0
19795,2
19796,0
19797,1
19798,2
19799,1
19800,0
19801,3
19802,1
19803,1
19804,2
19805,1
19806,0
19807,0
19808,2
19809,2
19810,2
19811,1
19812,0
19813,0
19814,1
19815,3
19816,0
19817,2
19818,0
19819,2
19820,1
19821,1
19822,2
19823,3
19824,3
19825,1
19826,2
19827,1
19828,0
19829,1
19830,2
19831,1
19832,0
19833,1
19834,2
19835,0
19836,2
19837,3
19839,2
19840,3
19841,0
19842,1
19843,1
19844,3
19845,0
19846,3
19847,0
19848,2
19849,0
19850,3
19851,1
19852,1
19853,1
19854,2
19855,1
19857,1
19859,0
19860,1
19861,0
19862,2
19863,1
19864,0
19865,1
19866,1
19867,1
19868,1
19869,1
19870,3
19871,2
19872,1
19873,1
19875,2
19876,2
19877,2
19878,1
19879,1
19880,1
19881,2
19882,2
19883,3
19884,3
19886,0
19887,3
19888,1
19889,1
19890,1
19891,1
19892,3
19894,2
19895,3
19896,2
19897,3
19898,1
19899,1
19900,2
19902,2
19903,2
19904,1
19905,1
19906,0
19907,1
19908,3
19909,1
19910,2
19911,3
19912,1
19913,2
19914,0
19916,2
19917,3
19918,1
19919,0
19920,1
19921,2
19922,1
19923,0
19924,1
19925,1
19926,1
19927,1
19928,1
19929,0
19930,0
19931,0
19932,3
19933,1
19934,2
19935,1
19936,1
19937,1
19938,1
19940,1
19941,0
19942,1
19943,1
19944,0
19945,3
19947,2
19948,3
19949,2
19951,3
19952,1
19953,1
19954,3
19955,0
19956,1
19957,1
19958,1
19959,0
19960,0
19961,1
19962,2
19963,1
19964,2
19965,1
19966,0
19967,3
19968,2
19969,0
19970,2
19973,0
19974,3
19975,1
19976,3
19977,2
19978,1
19979,2
19980,0
19981,2
19983,2
19984,1
19985,1
19986,2
19987,3
19989,3
19991,2
19992,2
19993,3
19994,0
19995,2
19996,1
19997,2
19998,2
19999,1
20001,2
20002,1
20003,3
20004,0
20005,1
20006,0
20007,1
20008,1
20009,2
20010,3
20011,1
20012,1
20013,1
20014,2
20016,1
20017,1
20018,1
20019,0
20020,1
20021,2
20022,2
20023,2
20025,1
20026,1
20027,1
20028,1
20029,0
20030,3
20031,1
20032,2
20033,1
20034,0
20035,1
20036,2
20037,0
20038,1
20039,3
20040,0
20041,1
20043,0
20045,0
20046,2
20047,2
20048,3
20049,2
20050,0
20051,1
20052,3
20053,2
20054,1
20055,0
20057,3
20058,0
20059,1
20060,3
20061,2
20062,2
20063,0
20064,3
20065,2
20066,1
20067,0
20068,3
20069,1
20070,1
20071,1
20072,1
20073,2
20074,1
20075,2
20078,3
20079,0
20080,0
20081,2
20082,1
20083,0
20084,3
20085,2
20086,2
20087,1
20088,3
20089,2
20090,0
20091,0
20092,1
20093,2
20094,3
20096,2
20097,3
20098,1
20099,0
20100,0
20101,2
20102,1
20103,3
20104,1
20105,1
20106,0
20107,0
20108,2
20109,3
20110,2
20111,0
20112,1
20113,1
20114,1
20115,3
20116,2
20117,1
20119,1
20120,1
20121,2
20122,1
20125,1
20126,1
20127,0
20128,2
20129,1
20130,2
20131,1
20132,0
20133,2
20134,1
20135,1
20136,1
20137,1
20138,3
20139,1
20140,0
20141,3
20142,2
20143,3
20145,1
20146,0
20148,3
20149,2
20150,1
20151,2
20152,0
20153,0
20154,1
20155,0
20156,2
20157,3
20158,0
20159,1
20160,1
20161,1
20162,0
20163,0
20164,1
20165,1
20166,3
20167,0
20168,3
20169,1
20170,1
20172,0
20173,2
20174,2
20175,3
20176,3
20177,0
20178,1
20179,1
20180,2
20181,1
20182,0
20183,2
20184,1
20185,1
20186,1
20187,0
20188,2
20189,1
20190,3
20191,1
20192,1
20193,1
20194,1
20195,2
20196,2
20197,1
20198,0
20199,1
20200,1
20201,1
20202,2
20204,2
20205,2
20206,3
20207,0
20208,0
20209,0
20210,1
20211,2
20212,1
20213,2
20214,1
20215,2
20216,0
20217,0
20218,1
20220,0
20221,1
20222,3
20223,1
20224,0
20225,1
20226,1
20227,1
20228,2
20229,1
20230,0
20231,1
20232,0
20233,2
20234,3
20235,0
20236,1
20237,1
20238,1
20239,1
20240,1
20241,0
20242,1
20243,1
20244,1
20246,1
20247,2
20248,2
20249,1
20250,3
20251,1
20252,1
20253,1
20254,1
20255,3
20256,1
20257,3
20258,3
20259,3
20260,1
20261,0
20262,2
20263,1
20264,3
20265,3
20266,1
20268,0
20269,2
20270,2
20271,1
20272,1
20274,2
20275,1
20277,2
20278,3
20279,3
20280,2
20281,2
20282,1
20283,0
20284,2
20285,1
20286,2
20287,2
20288,2
20289,1
20290,1
20291,3
20292,2
20293,2
20294,1
20295,1
20296,0
20297,3
20298,0
20300,0
20302,2
20303,1
20304,1
20305,1
20306,1
20307,1
20308,1
20309,1
20310,1
20311,2
20312,2
20313,2
20314,1
20316,1
20317,0
20318,1
20319,0
20320,1
20321,3
20322,1
20323,0
20324,1
20325,1
20326,1
20327,2
20328,0
20329,1
20330,1
20331,1
20333,1
20334,3
20336,2
20337,2
20338,1
20339,1
20340,1
20341,1
20342,1
20343,0
20344,3
20345,0
20346,2
20347,3
20348,0
20349,2
20350,1
20351,2
20352,1
20353,1
20354,0
20355,1
20356,1
20357,3
20358,2
20359,2
20360,0
20361,2
20362,3
20363,2
20364,2
20365,3
20366,1
20368,2
20369,2
20370,3
20371,0
20372,1
20373,0
20374,0
20375,0
20376,1
20377,2
20378,2
20379,0
20380,1
20381,1
20382,2
20383,0
20384,1
20385,3
20387,0
20388,0
20389,2
20390,1
20391,1
20392,0
20393,0
20394,1
20395,0
20396,1
20397,0
20398,0
20399,0
20400,3
20401,2
20402,1
20403,2
20404,2
20405,1
20406,3
20407,2
20408,3
20409,1
20410,1
20411,1
20412,0
20413,1
20415,2
20416,3
20417,1
20418,2
20420,0
20421,1
20422,3
20424,2
20425,0
20426,3
20427,2
20428,2
20429,3
20430,1
20431,2
20432,1
20433,2
20434,0
20435,1
20436,0
20437,2
20438,2
20439,1
20440,0
20441,1
20442,1
20443,2
20444,0
20445,2
20446,3
20447,2
20448,1
20449,1
20450,2
20451,2
20452,0
20454,3
20455,2
20456,2
20458,1
20459,1
20460,0
20461,2
20462,1
20463,2
20464,1
20465,3
20466,1
20467,3
20468,2
20469,2
20470,0
20471,3
20472,2
20473,2
20474,1
20475,2
20476,1
20477,1
20478,2
20479,1
20480,1
20481,1
20482,0
20484,3
20485,0
20486,0
20487,2
20488,0
20489,1
20490,0
20491,1
20492,3
20494,3
20495,3
20496,2
20497,2
20498,1
20499,1
20500,3
20501,1
20502,3
20503,1
20504,1
20505,2
20506,1
20507,2
20509,0
20510,2
20511,0
20512,1
20513,1
20514,2
20515,0
20516,2
20517,1
20518,1
20519,0
20520,2
20521,2
20523,1
20524,3
20525,0
20526,1
20527,2
20528,0
20529,2
20530,1
20531,2
20533,3
20534,2
20535,0
20536,3
20537,3
20538,3
20539,1
20540,1
20541,2
20542,3
20543,1
20544,3
20545,1
20546,1
20547,0
20548,2
20550,1
20551,1
20552,3
20554,1
20555,0
20556,1
20557,1
20558,3
20559,1
20560,1
20561,2
20562,0
20563,2
20564,2
20565,2
20566,1
20567,1
20568,1
20569,1
20570,1
20571,3
20572,1
20573,0
20574,3
20575,1
20576,3
20577,1
20578,3
20579,1
20580,3
20581,0
20582,2
20583,1
20584,0
20585,1
20586,2
20587,1
20588,1
20590,0
20591,2
20592,1
20593,3
20594,2
20595,0
20596,0
20597,0
20598,1
20599,1
20600,1
20601,0
20602,0
20604,1
20605,0
20606,0
20607,1
20608,1
20609,2
20610,0
20611,0
20612,2
20613,3
20614,2
20615,0
20616,1
20617,0
20618,2
20619,1
20620,2
20621,1
20622,1
20623,1
20624,2
20625,2
20626,1
20627,0
20628,1
20629,1
20630,3
20631,0
20632,2
20633,1
20634,1
20635,0
20636,1
20637,3
20638,1
20639,0
20640,3
20641,0
20642,2
20644,2
20645,1
20646,1
20647,2
20648,3
20649,2
20651,1
20652,0
20653,0
20654,1
20656,1
20657,2
20658,2
20659,1
20660,1
20661,1
20662,2
20663,0
20664,1
20665,1
20666,3
20667,1
20668,0
20669,0
20670,2
20671,2
20673,2
20674,1
20675,1
20676,1
20677,1
20678,2
20679,1
20680,1
20681,1
20682,2
20683,3
20684,0
20685,1
20686,0
20687,1
20688,3
20689,3
20690,0
20691,3
20692,1
20693,1
20694,1
20695,2
20696,1
20697,3
20698,1
20699,1
20700,0
20701,1
20702,1
20703,2
20704,1
20705,1
20706,2
20707,0
20708,1
20709,2
20710,1
20711,1
20712,0
20713,1
20714,1
20715,0
20716,3
20717,0
20718,0
20719,1
20720,3
20721,1
20722,1
20723,3
20724,1
20725,2
20726,1
20727,2
20728,0
20730,3
20731,1
20732,1
20733,1
20734,2
20735,1
20736,3
20737,1
20738,3
20739,3
20740,0
20741,1
20742,1
20743,1
20744,1
20745,1
20746,1
20747,3
20748,1
20749,1
20750,2
20751,2
20752,2
20753,1
20754,0
20757,2
20758,0
20759,2
20760,0
20761,1
20762,1
20764,0
20765,2
20766,1
20767,2
20768,1
20769,2
20770,1
20771,2
20772,2
20773,2
20774,1
20775,1
20776,2
20777,1
20778,0
20779,2
20780,2
20781,1
20782,1
20783,2
20784,1
20785,2
20786,1
20787,0
20788,0
20789,3
20790,0
20791,1
20792,1
20793,1
20794,3
20795,2
20796,2
20797,0
20798,0
20799,1
20800,1
20801,3
20802,1
20803,2
20804,0
20806,0
20807,3
20809,0
20810,2
20811,1
20812,1
20813,1
20814,2
20815,0
20816,1
20817,0
20818,2
20819,1
20820,1
20821,0
20822,1
20823,1
20824,1
20825,3
20826,3
20827,0
20828,2
20829,0
20830,2
20831,0
20832,2
20833,0
20834,0
20835,1
20836,0
20837,1
20838,2
20839,3
20840,0
20841,3
20842,2
20843,1
20844,2
20845,0
20846,3
20847,2
20848,1
20849,3
20850,2
20851,1
20852,2
20853,1
20854,0
20855,1
20857,1
20858,1
20859,1
20860,1
20861,1
20862,2
20863,0
20865,1
20866,2
20867,1
20868,3
20869,2
20870,1
20871,1
20872,1
20873,3
20874,2
20875,3
20876,1
20877,1
20878,3
20879,0
20880,1
20881,3
20882,2
20883,0
20884,2
20885,0
20886,3
20887,1
20888,3
20889,0
20890,2
20891,1
20892,0
20893,1
20894,1
20895,2
20896,3
20897,2
20898,0
20899,3
20900,0
20902,1
20903,1
20904,1
20905,2
20906,1
20907,0
20908,0
20909,1
20910,2
20911,1
20912,1
20913,1
20914,1
20915,0
20916,1
20917,3
20919,3
20920,1
20921,0
20922,2
20923,3
20924,1
20925,1
20926,1
20927,3
20928,2
20929,1
20930,1
20931,0
20932,0
20933,1
20934,1
20935,2
20936,3
20937,3
20938,2
20939,3
20940,3
20941,1
20942,2
20943,1
20944,0
20945,2
20946,1
20947,1
20948,0
20949,3
20950,3
20951,2
20952,2
20953,1
20954,1
20955,1
20956,2
20957,3
20958,1
20959,1
20960,1
20961,1
20962,1
20964,2
20965,1
20966,1
20967,2
20969,1
20970,1
20971,0
20972,1
20973,3
20974,3
20975,1
20976,0
20977,2
20978,2
20979,1
20980,1
20981,1
20982,1
20983,2
20984,2
20985,2
20986,1
20987,2
20988,3
20989,1
20990,2
20991,3
20993,3
20994,2
20995,1
20996,3
20997,1
20998,0
20999,1
21000,1
21001,2
21002,1
21003,1
21004,2
21005,1
21006,1
21007,3
21008,2
21009,1
21010,2
21011,2
21012,2
21013,1
21014,0
21015,0
21016,1
21017,1
21019,1
21020,1
21021,1
21022,0
21023,2
21024,1
21025,1
21026,3
21027,3
21028,2
21029,0
21030,2
21031,2
21032,0
21033,0
21034,1
21035,1
21036,1
21039,3
21041,1
21042,0
21043,2
21044,1
21045,2
21046,3
21047,1
21048,0
21049,0
21050,1
21051,1
21052,2
21054,1
21055,2
21056,2
21057,1
21058,1
21059,1
21060,1
21061,1
21062,1
21063,1
21064,2
21065,1
21066,1
21067,1
21068,1
21069,2
21070,1
21071,0
21072,2
21073,3
21075,1
21076,0
21077,2
21078,0
21079,1
21080,2
21081,1
21082,1
21083,0
21084,1
21085,2
21086,0
21087,1
21088,1
21089,0
21090,1
21091,0
21092,0
21093,1
21094,1
21095,2
21096,0
21097,0
21098,2
21100,2
21101,1
21102,1
21103,1
21104,0
21105,1
21107,2
21108,1
21109,2
21110,1
21111,1
21112,3
21113,2
21114,3
21115,0
21116,1
21117,2
21118,1
21119,1
21120,1
21121,0
21122,1
21123,1
21124,2
21125,1
21126,3
21127,2
21129,1
21130,1
21131,0
21132,1
21133,0
21134,3
21135,2
21136,1
21137,3
21138,1
21139,1
21141,3
21142,1
21143,1
21144,0
21145,2
21146,0
21147,1
21148,1
21149,1
21150,0
21151,1
21152,1
21153,0
21154,2
21155,3
21156,1
21157,2
21158,1
21159,0
21160,1
21161,0
21162,2
21163,1
21164,1
21165,2
21166,2
21167,1
21168,0
21169,2
21171,3
21172,1
21173,3
21174,1
21175,3
21176,0
21177,1
21178,2
21179,3
21180,1
21181,3
21182,2
21183,0
21184,1
21185,1
21186,1
21187,2
21188,1
21189,3
21190,1
21191,0
21192,1
21193,2
21194,0
21195,1
21196,1
21197,2
21198,0
21199,2
21200,1
21201,1
21202,2
21203,1
21204,0
21205,1
21206,2
21207,1
21208,3
21209,1
21210,2
21211,0
21212,0
21213,1
21215,0
21217,2
21218,1
21219,1
21220,3
21221,1
21222,2
21223,1
21224,0
21225,2
21226,3
21227,2
21228,2
21230,3
21231,0
21233,1
21234,1
21235,2
21236,1
21237,2
21238,3
21239,1
21240,1
21243,0
21244,3
21245,1
21246,1
21247,1
21248,2
21249,0
21250,1
21251,2
21253,0
21254,1
21255,1
21256,2
21257,1
21258,2
21259,1
21260,2
21261,0
21262,3
21263,1
21264,1
21265,1
21266,3
21267,0
21268,2
21269,3
21270,1
21271,1
21272,0
21273,2
21274,0
21275,2
21276,0
21277,0
21278,1
21279,1
21280,3
21281,3
21282,1
21283,1
21284,2
21285,1
21286,0
21287,1
21288,0
21289,1
21290,1
21291,2
21292,2
21293,2
21294,2
21295,3
21296,1
21297,1
21298,2
21299,3
21300,3
21301,3
21302,0
21303,1
21304,1
21306,2
21307,0
21308,1
21309,2
21310,0
21311,3
21312,2
21313,1
21314,2
21315,0
21316,2
21317,0
21318,2
21319,0
21320,1
21321,0
21322,1
21323,1
21324,2
21325,0
21326,1
21327,1
21328,3
21329,3
21330,2
21331,1
21332,2
21333,0
21334,1
21335,2
21337,1
21338,0
21340,0
21341,1
21342,1
21343,1
21345,2
21346,1
21347,1
21348,1
21351,3
21353,1
21354,1
21355,2
21356,2
21357,0
21358,1
21359,3
21360,0
21361,3
21362,2
21363,3
21364,2
21365,2
21366,0
21367,1
21368,3
21369,1
21370,2
21371,0
21372,2
21373,1
21374,1
21375,1
21376,1
21377,2
21378,1
21379,1
21380,1
21381,2
21383,2
21384,1
21385,1
21386,1
21387,1
21388,2
21389,2
21390,2
21391,2
21392,0
21393,0
21394,3
21395,2
21396,1
21397,3
21398,1
21399,3
21400,3
21401,1
21402,1
21403,3
21404,1
21405,2
21406,1
21407,1
21408,2
21409,2
21410,2
21411,2
21412,2
21413,3
21414,1
21415,1
21416,2
21417,0
21418,0
21419,2
21420,0
21421,2
21422,0
21423,1
21425,0
21426,1
21427,3
21428,1
21429,0
21430,1
21431,1
21432,2
21433,1
21434,2
21435,2
21436,3
21437,1
21439,2
21440,1
21441,2
21442,1
21443,2
21444,2
21445,1
21446,2
21447,3
21448,1
21449,2
21450,1
21451,3
21452,0
21453,2
21454,0
21455,2
21456,1
21457,3
21458,3
21459,3
21460,0
21461,1
21462,1
21463,0
21464,1
21465,2
21466,0
21467,2
21469,1
21470,1
21471,1
21472,0
21473,3
21475,1
21476,0
21477,3
21478,3
21479,2
21480,0
21481,1
21483,1
21484,1
21485,1
21486,1
21487,0
21488,2
21489,2
21490,2
21491,2
21492,1
21493,3
21494,0
21495,2
21496,0
21497,0
21498,2
21500,0
21501,0
21502,0
21503,3
21504,2
21505,1
21506,0
21507,1
21508,1
21509,1
21510,1
21511,3
21512,1
21514,3
21515,2
21516,3
21517,3
21518,2
21519,1
21520,3
21521,1
21522,1
21523,1
21524,0
21526,2
21527,1
21528,0
21529,0
21530,0
21531,2
21532,0
21533,1
21534,1
21535,0
21536,1
21538,1
21539,2
21540,2
21541,1
21542,1
21543,1
21544,1
21545,3
21546,2
21547,2
21548,1
21549,1
21550,3
21551,1
21552,1
21553,0
21554,2
21555,0
21556,0
21557,3
21558,3
21560,0
21561,2
21562,3
21563,2
21564,3
21565,1
21566,0
21567,1
21568,2
21569,1
21570,1
21571,3
21572,0
21573,0
21574,2
21575,1
21576,1
21577,2
21578,3
21579,2
21580,2
21581,0
21583,2
21584,1
21585,1
21586,1
21587,0
21588,3
21589,2
21590,2
21591,0
21592,0
21593,0
21594,1
21595,3
21596,2
21597,1
21598,2
21599,1
21600,1
21601,1
21602,1
21603,2
21604,1
21605,1
21606,2
21607,0
21608,1
21609,1
21610,1
21611,2
21612,3
21613,3
21614,1
21615,1
21616,3
21617,1
21618,1
21620,1
21621,3
21622,1
21623,1
21624,1
21625,0
21626,2
21627,0
21628,3
21629,1
21630,0
21631,1
21632,1
21633,1
21635,0
21636,1
21637,1
21638,3
21639,1
21640,2
21641,3
21642,1
21643,2
21644,1
21645,1
21646,1
21647,3
21648,1
21649,1
21650,3
21651,0
21652,0
21653,1
21654,0
21656,0
21657,2
21658,0
21659,2
21660,0
21661,1
21662,0
21663,1
21664,0
21665,1
21666,0
21667,3
21668,1
21669,2
21671,1
21672,1
21673,2
21674,2
21675,1
21676,2
21677,1
21678,3
21679,1
21680,0
21681,1
21682,1
21683,2
21684,0
21685,2
21686,2
21687,0
21688,1
21689,1
21690,1
21691,2
21693,0
21694,1
21695,0
21696,1
21697,0
21698,1
21699,2
21700,2
21701,1
21702,1
21703,1
21704,0
21705,3
21706,1
21707,1
21708,3
21709,1
21710,3
21711,1
21712,3
21713,1
21714,3
21715,3
21716,1
21717,1
21718,1
21719,1
21720,1
21721,0
21722,2
21723,2
21724,0
21725,2
21726,0
21727,1
21728,2
21730,1
21731,1
21732,0
21733,3
21734,1
21735,2
21736,2
21737,0
21739,0
21740,1
21741,1
21742,2
21743,0
21744,2
21745,1
21746,0
21748,1
21749,1
21750,1
21751,3
21752,2
21753,2
21754,2
21755,1
21756,3
21757,3
21758,2
21759,1
21760,0
21761,0
21762,1
21763,3
21764,3
21765,3
21766,2
21767,0
21768,1
21769,3
21770,1
21771,0
21773,1
21774,0
21775,2
21776,1
21777,1
21778,1
21779,0
21780,1
21782,1
21783,3
21784,1
21785,3
21786,2
21787,0
21788,1
21789,1
21791,1
21792,2
21793,0
21794,3
21795,1
21796,0
21797,1
21798,1
21799,2
21801,2
21802,2
21803,1
21804,0
21805,1
21806,2
21807,1
21808,3
21809,1
21810,2
21811,1
21812,2
21813,2
21814,2
21815,2
21816,1
21817,0
21818,1
21819,1
21820,2
21821,2
21822,1
21823,0
21824,1
21825,2
21826,1
21827,1
21828,1
21829,2
21830,2
21831,0
21832,0
21833,1
21834,1
21835,2
21836,1
21838,0
21839,1
21840,1
21841,0
21842,1
21843,0
21845,2
21846,2
21847,0
21848,0
21850,1
21851,2
21852,1
21853,1
21855,1
21856,2
21857,1
21858,1
21859,2
21860,1
21861,1
21862,2
21863,2
21864,0
21865,3
21866,1
21867,3
21868,0
21869,0
21870,2
21871,1
21872,2
21873,1
21874,2
21875,1
21876,0
21877,1
21878,1
21879,1
21880,2
21881,0
21882,1
21883,3
21884,2
21885,1
21886,1
21887,1
21888,1
21889,2
21890,3
21891,1
21892,2
21893,2
21894,2
21895,0
21896,2
21897,1
21900,1
21901,3
21902,3
21903,0
21904,3
21905,3
21906,1
21907,1
21908,2
21909,1
21910,1
21912,3
21913,1
21914,2
21915,1
21916,2
21917,1
21918,1
21919,1
21920,3
21921,0
21922,0
21923,1
21924,0
21925,0
21926,2
21927,1
21928,1
21929,1
21930,1
21931,1
21932,2
21933,1
21934,1
21935,1
21936,0
21937,1
21938,1
21939,2
21940,1
21941,1
21942,1
21943,1
21944,1
21945,1
21946,2
21947,2
21948,3
21949,1
21950,2
21951,3
21953,1
21954,2
21955,1
21956,0
21957,2
21958,2
21959,0
21960,1
21961,1
21962,2
21963,3
21964,2
21965,1
21966,1
21967,0
21968,1
21969,1
21970,1
21972,3
21973,1
21974,3
21975,1
21976,0
21977,1
21978,1
21979,1
21980,0
21981,2
21982,0
21983,3
21984,3
21985,3
21986,1
21987,1
21988,1
21989,1
21990,1
21991,2
21992,1
21993,1
21994,2
21995,1
21996,3
21997,1
21998,1
21999,2
22001,1
22002,0
22003,3
22004,0
22005,2
22006,0
22007,3
22008,1
22009,0
22010,3
22011,3
22012,2
22013,1
22014,1
22016,1
22017,2
22018,1
22019,1
22020,1
22021,3
22022,3
22023,1
22024,3
22025,0
22026,2
22027,1
22028,2
22029,1
22030,1
22031,1
22032,1
22033,2
22034,1
22035,2
22036,2
22038,1
22039,1
22040,0
22041,3
22042,2
22043,1
22044,1
22045,0
22046,1
22047,1
22048,3
22049,2
22050,1
22051,1
22052,1
22053,1
22054,1
22055,3
22056,3
22057,2
22058,2
22059,1
22060,1
22061,1
22062,3
22063,1
22064,1
22065,1
22067,1
22068,1
22069,1
22070,1
22071,0
22072,2
22073,2
22074,1
22075,1
22076,1
22077,2
22078,0
22079,2
22080,1
22081,1
22082,0
22083,1
22084,2
22085,2
22086,0
22087,3
22088,3
22089,0
22090,2
22091,1
22092,1
22093,1
22094,2
22096,2
22097,2
22098,1
22099,2
22100,3
22101,3
22102,2
22103,1
22104,0
22105,2
22106,1
22107,1
22108,2
22109,1
22111,1
22112,0
22113,0
22114,1
22115,2
22116,2
22117,1
22118,1
22119,2
22120,0
22121,3
22122,3
22123,3
22124,1
22125,0
22126,1
22128,0
22129,3
22130,1
22131,0
22132,2
22133,2
22134,1
22135,2
22136,2
22137,1
22138,2
22139,2
22140,1
22141,0
22143,3
22144,0
22145,2
22146,1
22147,0
22148,0
22149,0
22150,3
22151,0
22152,1
22153,1
22154,2
22155,3
22156,2
22157,3
22158,2
22159,3
22160,0
22161,1
22162,0
22163,2
22164,2
22165,2
22166,2
22167,1
22168,1
22169,2
22170,3
22171,0
22172,2
22173,1
22174,1
22176,2
22177,0
22179,1
22180,2
22181,1
22182,2
22183,2
22184,2
22186,2
22187,2
22188,0
22189,2
22190,1
22191,3
22192,1
22193,1
22194,2
22195,3
22196,1
22198,1
22199,0
22200,2
22201,2
22202,0
22203,0
22204,2
22205,3
22206,1
22207,1
22208,3
22209,2
22210,0
22211,1
22212,3
22213,1
22214,0
22215,2
22216,1
22217,2
22218,1
22219,0
22220,2
22221,3
22222,0
22223,0
22224,1
22225,1
22226,1
22227,2
22228,3
22229,3
22230,1
22231,1
22232,1
22233,2
22234,1
22235,2
22236,0
22237,0
22238,3
22239,3
22240,3
22241,0
22242,0
22243,1
22244,1
22245,0
22246,1
22248,3
22249,1
22250,1
22251,2
22252,0
22253,1
22254,2
22255,0
22256,2
22257,2
22258,1
22259,2
22260,3
22261,1
22262,1
22263,2
22264,2
22265,3
22266,2
22267,2
22268,2
22269,3
22270,1
22271,1
22272,0
22273,2
22274,2
22275,0
22276,1
22277,2
22279,3
22281,2
22282,1
22283,1
22284,3
22285,2
22286,0
22287,0
22288,2
22289,0
22290,1
22291,2
22292,2
22293,2
22294,0
22295,1
22296,1
22297,2
22298,2
22299,0
22301,0
22302,2
22303,2
22304,2
22305,2
22306,2
22307,0
22308,0
22309,2
22310,1
22311,1
22312,0
22315,1
22316,2
22317,1
22319,2
22320,1
22321,1
22322,0
22323,2
22324,2
22325,1
22326,2
22327,1
22328,1
22329,0
22330,0
22331,1
22332,1
22333,1
22334,1
22335,0
22336,2
22337,0
22338,1
22339,0
22340,1
22342,0
22343,0
22344,2
22345,2
22346,2
22347,1
22349,1
22350,0
22351,1
22352,2
22353,2
22354,1
22355,0
22356,2
22357,1
22358,1
22359,3
22360,0
22361,1
22362,2
22363,2
22364,3
22365,0
22366,1
22367,1
22368,2
22369,1
22370,3
22371,3
22372,1
22373,1
22374,1
22376,1
22377,1
22378,2
22379,0
22380,3
22381,2
22382,3
22383,1
22384,0
22385,2
22386,1
22388,2
22390,2
22391,1
22392,2
22394,0
22395,2
22397,1
22398,1
22399,2
22400,1
22401,2
22402,1
22403,1
22404,0
22405,2
22406,3
22408,1
22409,0
22410,0
22411,1
22412,1
22413,0
22414,1
22415,3
22416,1
22417,1
22418,2
22419,1
22420,1
22422,2
22423,1
22425,2
22426,2
22427,3
22428,2
22429,2
22430,0
22431,1
22432,1
22433,1
22434,1
22435,1
22436,2
22437,0
22438,2
22439,2
22440,1
22441,0
22442,1
22444,1
22445,3
22446,0
22447,1
22448,0
22449,0
22450,1
22451,0
22452,1
22453,3
22454,3
22455,1
22456,2
22457,2
22458,1
22459,2
22460,2
22461,1
22462,3
22463,0
22464,2
22465,0
22466,2
22467,1
22468,1
22469,2
22470,0
22471,1
22472,0
22473,1
22474,2
22475,3
22476,1
22477,0
22478,1
22479,0
22480,3
22481,2
22482,1
22483,2
22484,2
22485,0
22486,0
22487,1
22488,1
22489,2
22490,3
22491,2
22492,1
22493,3
22494,1
22495,0
22496,0
22497,0
22499,2
22500,3
22501,2
22502,1
22503,1
22504,0
22505,1
22506,2
22507,2
22508,0
22509,2
22510,1
22511,0
22512,3
22513,0
22514,3
22515,1
22516,2
22517,0
22518,1
22519,3
22520,2
22521,2
22522,0
22523,1
22524,1
22525,1
22526,0
22527,1
22528,2
22529,3
22530,1
22531,0
22532,2
22533,1
22534,1
22535,2
22536,1
22537,1
22538,1
22539,3
22540,2
22541,1
22542,3
22543,2
22544,1
22545,1
22546,2
22547,0
22548,3
22549,0
22550,1
22551,1
22553,2
22554,1
22555,1
22556,3
22557,2
22558,2
22559,0
22560,1
22561,1
22562,1
22563,1
22564,1
22565,3
22566,0
22568,2
22569,0
22570,2
22571,1
22572,1
22573,0
22574,1
22575,1
22576,1
22577,2
22579,1
22580,1
22581,2
22582,2
22583,2
22584,0
22585,2
22586,2
22587,2
22588,1
22589,1
22590,2
22591,3
22592,0
22593,1
22594,1
22595,2
22597,1
22598,0
22599,1
22600,1
22601,3
22602,1
22603,1
22604,1
22605,0
22606,1
22607,1
22608,3
22609,2
22610,3
22611,1
22612,0
22613,1
22615,1
22616,3
22617,1
22618,0
22619,2
22620,2
22621,1
22622,2
22623,2
22624,1
22625,1
22626,1
22627,0
22628,1
22629,0
22630,1
22632,1
22633,0
22634,3
22636,3
22637,1
22638,1
22639,0
22640,2
22642,3
22643,0
22644,1
22645,1
22646,0
22647,2
22648,2
22649,2
22650,0
22651,1
22652,2
22653,1
22654,3
22655,2
22656,1
22658,1
22659,0
22660,2
22661,3
22662,1
22663,1
22664,0
22666,2
22667,1
22668,1
22669,1
22670,2
22671,3
22672,2
22673,2
22674,3
22675,1
22676,3
22677,1
22678,3
22679,0
22680,3
22681,0
22682,2
22683,0
22684,1
22685,0
22686,2
22687,1
22688,1
22689,2
22690,3
22691,0
22692,3
22693,2
22694,2
22695,1
22696,2
22697,1
22699,1
22700,1
22701,1
22702,0
22703,1
22704,2
22705,2
22706,1
22707,1
22708,1
22709,1
22710,0
22711,1
22712,3
22713,3
22714,2
22715,1
22716,2
22717,1
22718,1
22719,3
22720,3
22721,2
22722,0
22723,3
22724,3
22725,3
22726,1
22727,1
22728,2
22729,0
22730,1
22731,1
22732,0
22733,1
22734,1
22735,2
22736,1
22737,2
22738,3
22739,1
22740,1
22741,0
22742,0
22743,2
22744,3
22745,2
22747,2
22748,2
22749,1
22750,0
22751,0
22752,2
22753,2
22754,1
22755,3
22756,2
22757,2
22758,1
22759,1
22760,3
22761,0
22762,1
22763,3
22764,0
22765,2
22766,0
22767,1
22768,0
22769,2
22770,1
22771,2
22772,2
22773,1
22774,0
22775,1
22776,1
22777,3
22778,0
22779,3
22780,3
22781,2
22782,3
22783,1
22784,2
22785,3
22786,1
22787,0
22788,2
22789,1
22791,2
22792,2
22793,1
22794,1
22796,1
22797,3
22798,3
22799,1
22800,1
22801,0
22802,1
22804,3
22805,2
22806,3
22807,0
22808,0
22809,1
22810,3
22811,2
22812,2
22813,3
22814,1
22815,1
22816,1
22817,1
22818,1
22819,1
22820,3
22821,2
22823,1
22824,2
22825,0
22826,3
22827,2
22828,0
22829,2
22830,2
22831,1
22832,2
22833,0
22834,3
22835,1
22836,3
22837,1
22838,0
22839,0
22840,3
22841,0
22842,2
22843,3
22844,2
22845,2
22846,1
22847,1
22848,3
22849,0
22850,1
22851,3
22852,1
22853,0
22854,3
22855,1
22856,1
22857,1
22858,2
22859,0
22860,1
22861,1
22862,1
22863,3
22864,1
22865,0
22866,2
22868,0
22869,0
22870,1
22871,2
22872,1
22873,1
22874,1
22875,3
22876,2
22877,3
22878,1
22879,3
22880,2
22881,2
22882,1
22883,0
22885,1
22886,1
22888,2
22889,3
22890,2
22892,1
22894,3
22895,3
22896,2
22897,3
22898,0
22899,1
22900,1
22901,1
22902,1
22903,0
22904,2
22905,1
22906,1
22907,2
22909,0
22910,2
22911,1
22912,1
22913,1
22914,1
22915,1
22916,3
22917,2
22918,2
22919,3
22921,3
22922,3
22923,3
22924,1
22925,1
22926,3
22927,3
22928,2
22929,2
22930,2
22931,2
22932,0
22933,0
22934,1
22935,0
22936,1
22937,1
22938,2
22939,1
22941,3
22942,2
22943,3
22944,1
22945,1
22946,1
22948,1
22949,2
22950,1
22951,1
22952,0
22953,1
22954,2
22955,0
22956,3
22958,0
22959,1
22960,2
22961,3
22962,3
22963,2
22964,2
22965,2
22966,0
22967,1
22968,1
22969,1
22970,1
22972,3
22973,1
22974,3
22975,2
22976,1
22977,3
22978,1
22979,3
22980,0
22981,3
22982,2
22983,0
22984,1
22985,0
22986,0
22987,3
22988,0
22989,2
22990,1
22991,1
22992,3
22993,1
22994,1
22995,0
22996,2
22997,3
22998,2
22999,2
23000,0
23001,0
23002,3
23003,1
23004,1
23005,3
23006,3
23007,3
23008,2
23009,2
23010,1
23011,1
23012,3
23013,2
23014,0
23016,1
23017,1
23018,1
23019,3
23020,1
23021,0
23022,2
23023,3
23024,1
23025,1
23026,1
23027,1
23028,1
23029,0
23030,0
23031,1
23032,1
23033,3
23034,1
23035,3
23036,3
23038,3
23039,1
23040,0
23041,3
23042,1
23043,0
23044,1
23045,0
23046,2
23047,2
23048,0
23049,1
23050,0
23051,3
23052,1
23053,1
23054,0
23055,1
23056,2
23057,1
23058,1
23059,0
23060,2
23061,1
23062,1
23063,0
23064,0
23065,2
23066,0
23067,3
23068,1
23069,2
23070,2
23071,2
23072,0
23073,1
23074,0
23075,1
23076,3
23077,0
23078,3
23079,2
23080,1
23081,1
23082,1
23083,2
23085,1
23086,1
23087,0
23088,1
23089,2
23090,0
23091,0
23092,2
23093,1
23094,1
23095,1
23096,3
23097,1
23098,2
23099,1
23100,3
23101,0
23102,1
23103,1
23104,1
23105,1
23106,1
23107,1
23108,1
23109,2
23110,0
23111,3
23112,2
23113,2
23114,1
23115,2
23116,0
23117,1
23118,1
23119,1
23120,2
23121,1
23123,0
23125,0
23126,2
23127,3
23128,1
23129,1
23130,0
23131,0
23132,2
23134,1
23135,1
23137,3
23138,0
23139,2
23140,1
23141,0
23142,1
23143,1
23144,3
23145,1
23146,0
23147,1
23148,2
23149,2
23150,2
23151,3
23152,1
23153,3
23154,0
23155,3
23156,1
23157,0
23158,2
23159,2
23160,1
23161,1
23162,2
23163,0
23164,3
23165,3
23166,1
23167,3
23168,2
23169,1
23170,1
23171,2
23173,2
23174,0
23175,1
23176,1
23177,0
23179,0
23180,3
23181,1
23182,2
23183,2
23185,1
23186,2
23187,0
23188,1
23190,2
23191,0
23192,1
23193,2
23194,3
23195,2
23196,1
23198,1
23199,0
23200,1
23201,0
23202,0
23203,1
23204,1
23205,1
23206,1
23207,1
23208,2
23209,2
23210,1
23211,2
23212,0
23213,2
23214,0
23215,2
23216,2
23217,2
23218,0
23219,0
23220,0
23221,1
23222,2
23223,1
23224,2
23225,2
23226,1
23227,2
23228,1
23229,2
23230,0
23231,1
23232,0
23233,3
23234,1
23235,1
23236,1
23237,2
23238,1
23239,1
23240,2
23241,1
23242,2
23244,1
23245,0
23247,1
23248,1
23249,1
23250,3
23251,1
23253,1
23254,3
23255,2
23256,3
23257,3
23258,1
23259,3
23260,0
23261,1
23262,1
23263,0
23264,0
23266,1
23267,2
23268,2
23269,1
23270,0
23271,1
23272,0
23273,0
23274,0
23275,1
23276,0
23279,1
23280,2
23281,0
23282,0
23283,1
23284,1
23285,2
23286,3
23287,1
23288,1
23289,0
23291,2
23292,1
23293,3
23294,1
23295,1
23297,0
23298,1
23299,3
23301,1
23302,2
23303,2
23304,1
23305,1
23306,2
23307,1
23308,0
23309,1
23310,2
23311,3
23312,3
23313,1
23314,1
23315,1
23316,0
23317,2
23318,2
23319,3
23320,3
23321,0
23322,1
23323,1
23324,3
23325,1
23326,1
23327,0
23328,1
23329,2
23330,1
23331,2
23332,1
23333,1
23334,1
23335,1
23336,2
23338,2
23339,1
23340,2
23341,0
23342,1
23343,2
23344,3
23345,1
23347,1
23348,1
23349,1
23350,1
23351,1
23352,3
23353,1
23354,1
23355,2
23356,2
23357,0
23358,0
23359,3
23360,2
23362,1
23363,1
23364,2
23365,1
23366,0
23367,1
23368,1
23369,1
23370,2
23371,2
23372,2
23373,0
23374,1
23375,1
23376,2
23378,3
23379,3
23380,2
23382,2
23383,2
23384,2
23385,0
23386,0
23387,3
23388,0
23389,2
23390,3
23391,1
23392,2
23393,3
23394,2
23395,2
23398,2
23399,1
23400,1
23401,1
23402,2
23403,2
23404,2
23405,2
23406,2
23407,1
23408,3
23409,2
23410,1
23411,2
23412,3
23414,1
23415,1
23416,1
23417,1
23418,2
23420,0
23421,0
23423,1
23424,3
23425,1
23426,0
23427,2
23428,1
23429,2
23430,1
23431,1
23432,3
23433,1
23434,2
23435,1
23436,1
23437,3
23438,2
23439,0
23440,1
23441,3
23442,1
23443,0
23444,2
23445,3
23446,1
23447,1
23448,1
23449,1
23450,1
23451,3
23452,2
23453,3
23454,1
23455,3
23456,1
23457,1
23458,3
23459,2
23460,1
23461,3
23462,3
23463,1
23464,1
23465,1
23466,1
23467,2
23468,2
23470,1
23471,0
23472,1
23473,0
23474,1
23475,0
23478,2
23479,0
23480,1
23481,2
23482,1
23484,1
23485,1
23486,3
23487,1
23488,1
23489,0
23490,2
23492,1
23493,0
23494,1
23495,1
23496,3
23497,1
23498,1
23499,2
23500,3
23501,2
23502,1
23504,2
23505,3
23506,1
23507,2
23508,1
23509,1
23510,1
23511,3
23513,0
23514,1
23515,1
23516,1
23517,2
23518,1
23519,1
23520,1
23521,1
23522,3
23523,1
23524,1
23525,1
23526,2
23527,1
23528,1
23529,1
23530,0
23531,1
23532,1
23533,1
23534,2
23535,1
23536,0
23537,1
23538,2
23539,1
23540,3
23541,2
23542,1
23543,1
23544,1
23545,0
23547,3
23548,0
23549,1
23550,1
23552,1
23553,3
23554,0
23555,2
23556,1
23557,2
23558,3
23559,1
23560,3
23561,2
23562,1
23563,1
23564,3
23565,2
23566,2
23567,0
23568,0
23569,1
23570,2
23571,1
23572,3
23573,0
23574,1
23575,0
23576,0
23577,1
23578,2
23579,2
23580,3
23582,0
23583,1
23584,1
23585,3
23586,2
23587,1
23588,1
23589,1
23590,1
23591,2
23592,3
23593,0
23594,1
23595,1
23596,2
23597,1
23598,3
23599,1
23600,1
23601,0
23603,2
23604,1
23606,3
23607,2
23608,2
23609,1
23611,3
23612,0
23613,2
23614,1
23616,1
23617,1
23618,2
23619,1
23620,2
23621,1
23622,2
23623,0
23624,1
23625,2
23626,2
23627,1
23628,1
23629,0
23630,1
23631,1
23632,1
23633,1
23634,1
23635,0
23636,3
23637,0
23638,0
23640,2
23641,2
23642,1
23643,3
23644,1
23645,1
23646,3
23647,2
23648,1
23649,1
23650,2
23651,1
23653,2
23654,3
23655,0
23656,1
23657,3
23658,0
23659,0
23661,1
23662,2
23663,3
23664,2
23665,1
23666,2
23667,3
23668,1
23669,1
23670,3
23671,1
23672,2
23673,1
23674,1
23675,1
23676,3
23677,2
23678,0
23679,1
23680,3
23681,0
23682,1
23683,2
23684,1
23685,1
23686,0
23687,2
23688,0
23690,1
23691,1
23692,2
23693,2
23694,0
23695,1
23696,1
23697,1
23698,1
23700,3
23701,0
23702,3
23703,1
23704,0
23705,1
23706,0
23707,1
23708,0
23709,1
23710,2
23711,0
23712,1
23713,0
23714,1
23715,3
23716,1
23717,2
23718,2
23719,3
23720,2
23721,1
23722,1
23723,1
23724,1
23725,2
23726,2
23727,2
23728,1
23729,1
23730,3
23731,2
23732,3
23733,2
23734,3
23735,1
23736,0
23737,1
23738,3
23739,1
23740,1
23741,1
23742,2
23743,0
23744,0
23745,0
23746,1
23747,1
23748,1
23749,0
23750,1
23751,1
23752,0
23753,1
23754,1
23756,2
23757,2
23759,1
23760,1
23761,1
23762,1
23763,3
23764,0
23765,1
23766,3
23767,1
23768,1
23770,0
23771,3
23772,3
23773,1
23774,3
23775,2
23776,1
23777,1
23778,0
23779,1
23780,1
23781,3
23782,1
23784,1
23785,3
23786,0
23787,3
23788,1
23789,3
23790,1
23791,2
23792,1
23793,0
23794,3
23795,3
23796,0
23797,1
23799,1
23800,2
23802,1
23803,1
23804,1
23805,1
23806,2
23807,1
23809,1
23810,1
23811,1
23812,1
23813,3
23814,1
23815,3
23816,3
23817,0
23818,2
23819,1
23820,1
23822,2
23823,1
23824,0
23825,0
23826,0
23827,1
23828,1
23829,1
23830,0
23831,2
23833,1
23834,1
23835,3
23838,1
23839,2
23840,1
23841,3
23842,2
23843,2
23844,1
23845,0
23846,1
23847,1
23848,2
23849,1
23850,3
23851,0
23852,1
23853,3
23854,3
23855,2
23856,0
23857,1
23858,1
23859,1
23860,1
23861,1
23862,2
23863,2
23864,1
23865,0
23866,0
23867,3
23868,3
23869,1
23870,1
23871,1
23872,1
23874,0
23875,1
23876,0
23877,2
23878,3
23879,1
23880,0
23881,1
23882,1
23883,2
23884,3
23885,3
23886,1
23887,0
23888,3
23890,2
23891,3
23892,0
23893,0
23894,1
23895,2
23896,2
23897,0
23898,1
23899,0
23900,0
23901,3
23902,2
23903,1
23904,3
23905,1
23906,1
23907,0
23908,1
23909,0
23910,1
23911,2
23912,2
23913,3
23914,2
23915,1
23916,1
23917,1
23918,2
23919,1
23920,1
23921,1
23923,1
23924,1
23925,3
23926,2
23927,1
23928,1
23929,0
23930,1
23931,0
23932,1
23933,2
23934,0
23936,2
23937,3
23938,1
23939,2
23940,1
23941,0
23942,2
23943,1
23944,3
23945,0
23946,1
23947,3
23948,2
23950,1
23951,0
23952,0
23953,1
23954,1
23955,3
23956,2
23958,1
23959,2
23960,1
23961,3
23962,1
23963,1
23965,3
23966,2
23967,1
23969,3
23970,1
23971,0
23972,0
23973,1
23974,1
23975,2
23976,0
23977,1
23978,3
23979,1
23980,0
23981,1
23982,1
23983,2
23984,1
23985,1
23986,1
23988,0
23989,0
23990,0
23992,0
23993,2
23994,3
23995,0
23996,1
23997,2
23998,1
23999,1
24000,3
24001,2
24002,2
24003,3
24004,1
24005,3
24007,1
24008,1
24009,1
24010,3
24011,1
24012,3
24013,2
24014,0
24016,0
24017,1
24018,1
24019,0
24020,1
24021,0
24022,2
24023,3
24024,1
24025,2
24026,2
24027,1
24028,3
24029,3
24030,3
24032,0
24033,1
24034,1
24035,1
24036,3
24037,0
24038,2
24039,1
24040,2
24041,1
24042,3
24043,3
24044,2
24045,3
24046,1
24047,0
24048,3
24049,1
24050,3
24051,2
24052,0
24054,3
24055,1
24056,1
24057,2
24059,1
24060,1
24061,2
24062,3
24063,2
24064,0
24065,2
24066,1
24067,1
24068,1
24069,1
24070,1
24071,1
24072,2
24073,3
24074,3
24075,2
24076,2
24077,1
24078,1
24080,1
24081,0
24082,1
24084,1
24085,0
24086,1
24087,2
24088,1
24089,1
24090,1
24091,2
24092,1
24093,0
24094,2
24095,0
24096,2
24097,0
24098,1
24099,1
24100,1
24101,1
24102,1
24103,2
24104,0
24105,1
24106,1
24107,0
24108,1
24109,2
24110,2
24111,1
24112,0
24113,2
24114,1
24115,0
24116,1
24118,3
24119,3
24120,1
24121,0
24122,0
24124,2
24125,1
24126,3
24127,2
24128,1
24129,0
24130,1
24131,1
24132,1
24133,1
24134,3
24135,1
24136,1
24137,3
24138,1
24139,1
24140,3
24141,1
24142,0
24143,0
24144,3
24145,0
24146,0
24147,2
24148,2
24149,1
24150,1
24151,1
24152,1
24153,1
24154,1
24155,1
24156,2
24157,2
24158,0
24159,1
24160,1
24161,0
24162,2
24163,1
24164,1
24165,2
24167,1
24169,2
24170,2
24171,2
24172,0
24173,1
24174,0
24175,1
24176,2
24177,3
24178,1
24179,1
24180,1
24181,3
24182,1
24183,3
24184,1
24185,1
24186,1
24187,1
24188,1
24189,1
24190,1
24191,0
24192,0
24193,0
24194,0
24195,1
24196,1
24197,0
24198,1
24199,3
24200,2
24201,1
24202,0
24203,1
24204,2
24206,1
24207,1
24208,1
24209,0
24210,1
24211,1
24212,1
24213,1
24214,2
24215,3
24216,0
24217,3
24218,0
24219,3
24220,0
24221,1
24222,1
24223,2
24224,3
24225,2
24226,1
24227,2
24228,1
24229,2
24230,1
24231,2
24232,0
24233,1
24234,2
24235,2
24236,2
24237,0
24238,0
24239,0
24240,1
24241,2
24242,1
24244,2
24245,2
24247,3
24249,0
24251,0
24252,0
24253,2
24254,0
24255,1
24256,1
24257,1
24258,1
24259,0
24260,1
24261,0
24262,3
24263,2
24264,1
24265,1
24266,2
24267,2
24268,2
24269,1
24270,2
24271,1
24272,1
24273,0
24274,2
24275,2
24276,1
24277,1
24278,0
24279,0
24280,1
24281,1
24282,3
24283,1
24284,1
24286,1
24287,2
24288,2
24289,1
24290,0
24292,0
24293,3
24294,1
24295,1
24296,0
24297,1
24298,2
24299,3
24300,2
24301,2
24302,2
24303,1
24304,3
24305,1
24306,3
24307,2
24308,0
24309,1
24310,1
24311,0
24312,3
24313,1
24314,2
24315,1
24316,1
24317,0
24318,1
24319,1
24320,0
24321,1
24322,0
24323,2
24324,2
24325,1
24326,1
24327,1
24329,1
24330,2
24331,2
24332,1
24333,1
24334,0
24335,2
24336,1
24337,1
24338,2
24339,1
24340,1
24341,3
24343,2
24344,1
24345,1
24346,1
24347,1
24348,1
24349,2
24350,2
24351,1
24352,0
24353,0
24354,3
24355,2
24358,2
24359,1
24360,2
24361,3
24362,1
24363,2
24364,0
24365,2
24366,1
24367,1
24368,1
24369,2
24370,1
24371,1
24372,1
24373,1
24374,1
24375,1
24376,3
24377,2
24378,2
24379,1
24380,1
24381,2
24382,0
24383,2
24384,1
24385,0
24386,1
24388,0
24389,1
24390,0
24391,2
24392,2
24393,3
24394,0
24396,2
24397,3
24398,2
24400,2
24401,1
24402,1
24403,1
24404,1
24405,1
24406,1
24407,0
24408,2
24409,2
24410,1
24411,3
24412,1
24413,2
24414,1
24415,1
24416,0
24417,2
24418,1
24419,1
24420,1
24421,1
24422,3
24423,2
24424,1
24425,0
24426,2
24427,1
24428,3
24429,2
24431,2
24432,1
24433,1
24434,2
24435,2
24436,0
24437,0
24438,1
24439,1
24440,2
24441,2
24443,1
24444,3
24445,2
24446,0
24447,0
24448,1
24449,1
24450,1
24451,2
24452,3
24453,1
24454,2
24455,2
24456,3
24457,1
24459,1
24460,2
24461,0
24462,2
24463,1
24464,1
24465,0
24466,0
24467,1
24468,1
24469,0
24471,1
24472,1
24473,0
24474,3
24475,1
24476,2
24477,2
24478,2
24479,2
24480,2
24481,1
24483,2
24484,1
24485,1
24486,2
24487,0
24488,0
24489,0
24490,1
24491,2
24492,0
24493,0
24494,0
24495,2
24496,1
24497,0
24498,2
24499,1
24500,0
24501,0
24502,2
24503,1
24504,1
24505,0
24506,1
24507,2
24508,0
24509,3
24510,2
24511,2
24512,1
24513,3
24514,3
24515,1
24516,1
24517,1
24518,1
24519,2
24520,2
24521,2
24522,0
24523,1
24524,2
24525,0
24526,3
24527,0
24528,2
24529,3
24530,1
24531,0
24532,3
24533,3
24534,2
24535,1
24536,2
24537,1
24538,1
24539,1
24540,0
24541,3
24542,2
24543,3
24544,0
24545,2
24546,0
24547,0
24548,3
24549,0
24550,0
24551,1
24552,3
24553,2
24555,2
24556,3
24557,2
24558,2
24559,1
24560,2
24563,1
24564,2
24565,1
24566,0
24567,1
24568,1
24569,1
24570,2
24571,0
24572,2
24574,1
24575,1
24576,2
24577,1
24579,2
24580,1
24581,1
24582,0
24583,1
24584,1
24585,1
24586,0
24587,1
24588,1
24589,0
24590,1
24591,1
24592,2
24593,1
24594,1
24595,0
24596,0
24597,3
24598,2
24599,2
24601,1
24602,1
24603,3
24604,3
24605,1
24606,2
24607,1
24608,1
24609,2
24610,1
24611,1
24612,1
24613,1
24614,2
24615,1
24616,1
24617,3
24618,2
24619,0
24620,2
24621,0
24622,1
24623,3
24624,1
24625,2
24626,1
24627,1
24629,2
24630,1
24631,0
24632,1
24633,1
24634,2
24635,1
24636,2
24638,3
24639,1
24640,0
24641,3
24642,0
24643,3
24644,3
24645,1
24646,3
24647,0
24648,2
24649,1
24650,1
24651,3
24652,1
24653,1
24654,1
24655,2
24656,0
24657,1
24658,1
24659,2
24660,1
24661,2
24662,0
24663,1
24664,1
24665,1
24666,0
24667,1
24668,0
24669,0
24670,0
24671,2
24672,0
24673,0
24674,1
24675,0
24676,1
24677,3
24678,1
24679,0
24680,0
24681,3
24682,0
24683,0
24684,1
24685,1
24686,0
24687,1
24688,1
24689,1
24690,1
24691,2
24693,1
24695,1
24696,1
24697,2
24698,1
24699,1
24700,3
24701,1
24702,0
24703,1
24704,1
24705,1
24706,3
24707,1
24708,0
24709,2
24710,0
24711,1
24712,2
24713,2
24714,1
24715,2
24716,1
24717,1
24719,1
24721,3
24722,1
24723,0
24724,1
24725,2
24726,1
24727,1
24728,2
24729,1
24730,1
24732,1
24733,1
24734,2
24735,1
24736,1
24737,1
24738,2
24739,0
24740,1
24741,1
24742,1
24743,3
24745,2
24746,1
24747,0
24748,1
24749,1
24750,1
24751,3
24752,2
24753,2
24754,2
24755,3
24756,3
24757,1
24758,1
24759,2
24760,0
24761,1
24763,0
24764,0
24765,0
24766,1
24767,2
24768,2
24769,3
24770,1
24771,2
24773,1
24774,3
24775,2
24776,1
24777,0
24779,2
24780,1
24781,2
24782,1
24783,0
24787,1
24788,3
24789,0
24790,1
24791,1
24792,1
24793,1
24794,0
24795,0
24796,0
24798,2
24799,1
24800,1
24801,2
24802,1
24804,0
24805,1
24806,1
24807,0
24808,3
24809,2
24810,3
24811,3
24812,2
24813,1
24815,1
24816,2
24817,2
24819,1
24820,3
24821,0
24822,0
24823,1
24824,0
24825,3
24826,3
24827,3
24828,2
24829,2
24830,0
24831,0
24832,1
24833,1
24834,3
24835,1
24836,3
24837,0
24838,2
24839,2
24840,1
24841,2
24842,0
24843,0
24844,0
24845,1
24846,2
24847,2
24848,2
24849,3
24850,2
24851,1
24852,2
24853,1
24854,1
24855,1
24856,2
24857,1
24858,1
24859,1
24860,0
24861,1
24862,2
24863,1
24864,1
24865,2
24867,2
24868,1
24869,2
24870,0
24871,1
24872,1
24873,0
24874,0
24875,1
24876,2
24877,1
24878,1
24879,2
24880,1
24881,1
24882,1
24883,1
24884,3
24885,2
24886,0
24887,1
24888,1
24889,1
24890,2
24891,1
24892,1
24893,1
24894,2
24895,2
24896,1
24897,1
24898,3
24899,0
24900,1
24901,1
24902,1
24903,0
24904,1
24905,3
24906,2
24907,0
24908,0
24909,2
24910,2
24911,1
24912,0
24913,1
24914,2
24915,1
24916,2
24917,1
24918,1
24919,2
24920,1
24921,1
24922,1
24923,3
24924,3
24925,3
24927,0
24929,1
24930,0
24932,2
24933,3
24934,1
24935,1
24936,1
24937,0
24938,1
24939,3
24940,2
24941,1
24942,1
24943,2
24944,3
24945,1
24946,2
24948,0
24949,1
24950,1
24951,3
24952,1
24953,3
24954,2
24955,2
24956,2
24957,2
24958,0
24959,0
24960,1
24961,2
24962,3
24963,3
24964,1
24965,0
24966,2
24967,0
24968,2
24970,3
24971,1
24972,2
24973,0
24974,2
24975,0
24976,0
24977,2
24978,0
24979,2
24980,0
24981,2
24983,2
24984,2
24985,2
24986,0
24987,1
24988,2
24989,1
24990,1
24991,2
24992,1
24993,1
24994,1
24995,0
24996,1
24997,1
24998,2
24999,3
25000,3
25001,0
25002,3
25003,0
25005,0
25006,1
25007,1
25008,1
25009,3
25010,0
25011,0
25012,2
25014,0
25015,0
25016,2
25017,2
25018,0
25019,1
25020,2
25021,3
25022,1
25023,1
25024,0
25025,2
25026,0
25027,0
25028,1
25029,1
25030,2
25031,1
25032,2
25033,2
25034,2
25035,0
25036,3
25037,0
25038,3
25039,0
25040,3
25041,1
25042,1
25043,2
25044,1
25045,1
25046,1
25047,1
25048,1
25049,0
25050,1
25051,2
25052,1
25054,1
25055,2
25056,0
25057,1
25058,2
25059,0
25062,2
25063,1
25064,2
25065,1
25066,3
25067,3
25068,2
25069,1
25070,1
25071,1
25072,1
25073,1
25074,3
25075,1
25076,0
25077,1
25078,1
25079,2
25080,0
25081,3
25082,2
25083,0
25084,1
25085,2
25086,1
25087,2
25088,0
25089,3
25090,1
25091,1
25092,1
25093,2
25094,1
25095,2
25096,0
25097,0
25098,3
25099,1
25100,0
25101,0
25102,1
25104,3
25105,0
25106,1
25107,1
25108,0
25109,2
25110,1
25111,1
25112,2
25113,1
25114,1
25115,0
25116,2
25117,1
25118,2
25119,1
25120,1
25121,1
25122,0
25123,0
25124,0
25125,0
25126,0
25127,2
25128,3
25129,3
25130,3
25132,0
25134,1
25135,0
25138,1
25139,0
25140,3
25141,0
25142,1
25143,3
25144,2
25145,0
25146,0
25147,1
25148,3
25149,2
25150,1
25152,2
25153,0
25154,0
25155,2
25156,0
25157,1
25158,1
25159,2
25160,0
25162,1
25163,2
25164,2
25165,1
25166,2
25167,0
25168,1
25169,2
25170,1
25171,3
25172,2
25173,1
25174,0
25175,1
25176,1
25177,0
25178,1
25179,2
25180,1
25181,0
25182,3
25183,1
25184,2
25185,1
25186,3
25187,0
25188,1
25189,1
25190,2
25191,1
25192,0
25193,2
25194,2
25197,1
25198,3
25199,2
25200,2
25201,2
25202,3
25204,1
25205,2
25206,2
25207,2
25208,0
25209,1
25210,1
25211,2
25212,1
25213,2
25214,1
25215,0
25216,1
25217,1
25218,1
25219,1
25220,0
25221,2
25222,1
25223,2
25224,0
25225,1
25226,0
25227,2
25228,3
25229,1
25230,2
25231,1
25232,1
25233,2
25234,0
25235,1
25236,1
25237,0
25238,1
25239,1
25240,0
25241,0
25242,3
25243,0
25244,1
25245,2
25246,2
25247,1
25248,0
25249,1
25250,0
25251,1
25252,0
25253,3
25255,2
25256,0
25257,2
25258,3
25259,0
25260,1
25261,1
25262,1
25264,1
25265,1
25266,1
25267,3
25268,2
25269,0
25270,0
25271,1
25272,2
25273,2
25274,0
25275,0
25276,1
25277,3
25278,0
25279,1
25280,3
25282,3
25283,1
25284,0
25285,1
25286,0
25287,0
25288,3
25289,2
25290,1
25292,3
25293,1
25294,2
25295,1
25296,3
25297,3
25298,0
25299,0
25300,2
25302,1
25303,2
25304,2
25305,2
25306,2
25307,1
25308,0
25309,1
25310,0
25311,1
25312,3
25313,1
25314,1
25316,0
25317,2
25318,2
25319,1
25320,1
25321,0
25322,1
25323,1
25324,1
25325,1
25326,1
25328,2
25329,1
25330,1
25331,0
25332,1
25333,0
25334,1
25335,2
25336,2
25337,1
25338,0
25339,0
25340,2
25342,1
25343,1
25344,3
25345,1
25346,1
25348,1
25349,2
25351,1
25352,2
25354,1
25355,1
25356,0
25357,2
25358,2
25359,0
25360,1
25361,2
25362,1
25363,1
25364,2
25365,1
25366,2
25367,1
25368,0
25369,3
25370,2
25371,1
25372,1
25373,2
25374,2
25375,1
25376,2
25377,1
25378,3
25379,1
25380,0
25381,1
25382,3
25383,2
25384,0
25386,2
25387,1
25388,1
25389,1
25390,2
25391,0
25392,1
25393,1
25394,2
25395,2
25396,1
25397,1
25398,0
25399,1
25400,2
25401,1
25402,0
25403,1
25404,2
25405,2
25406,1
25407,0
25408,1
25409,0
25410,2
25411,3
25412,3
25413,1
25414,1
25415,0
25416,1
25417,1
25418,1
25419,3
25420,1
25421,3
25422,1
25423,0
25424,1
25425,2
25426,1
25427,2
25428,1
25429,0
25430,1
25431,1
25432,1
25433,1
25434,2
25436,1
25438,1
25439,0
25440,2
25441,1
25442,1
25443,0
25444,0
25445,1
25446,2
25447,0
25448,0
25449,1
25450,0
25452,2
25454,1
25455,1
25456,1
25457,2
25459,0
25460,0
25461,0
25462,1
25463,2
25464,1
25466,0
25467,3
25468,1
25469,2
25470,1
25471,1
25472,1
25473,1
25474,1
25475,2
25476,1
25477,0
25479,1
25480,2
25481,3
25482,3
25484,2
25485,2
25486,0
25487,1
25488,3
25489,3
25490,2
25491,0
25493,0
25494,2
25495,1
25496,3
25497,3
25498,1
25499,3
25500,3
25501,1
25502,1
25503,3
25504,3
25505,1
25506,1
25507,3
25508,1
25509,1
25511,0
25512,0
25513,2
25514,1
25515,3
25517,3
25518,2
25519,3
25520,1
25521,3
25522,1
25523,1
25524,2
25525,3
25526,2
25527,2
25528,0
25529,2
25530,1
25531,1
25532,0
25533,1
25534,3
25536,1
25538,2
25539,3
25540,1
25541,1
25542,1
25543,1
25544,2
25545,1
25546,1
25547,1
25548,0
25550,1
25551,1
25552,1
25553,0
25554,0
25555,2
25556,1
25557,1
25558,0
25559,3
25560,3
25561,1
25562,1
25563,3
25564,3
25565,1
25566,1
25567,0
25569,2
25570,0
25571,1
25572,3
25573,1
25574,2
25575,3
25576,0
25577,1
25578,0
25579,0
25580,1
25581,2
25582,1
25584,1
25585,1
25586,0
25587,2
25588,2
25589,1
25590,1
25591,1
25592,1
25593,1
25594,0
25595,3
25596,0
25597,1
25598,0
25599,2
25600,1
25601,1
25602,1
25603,2
25604,0
25605,2
25606,1
25607,1
25608,0
25609,0
25610,1
25611,2
25612,0
25613,0
25614,1
25615,1
25616,3
25618,2
25619,3
25620,1
25621,2
25622,2
25623,2
25624,0
25625,1
25626,1
25627,0
25628,1
25629,2
25630,2
25631,1
25632,2
25634,0
25635,1
25636,1
25637,0
25638,1
25639,2
25640,1
25641,1
25642,2
25643,2
25644,3
25645,1
25647,3
25648,2
25649,0
25650,3
25651,2
25652,2
25653,0
25654,2
25655,1
25656,1
25657,3
25658,1
25659,0
25660,1
25661,1
25662,1
25664,2
25665,0
25666,1
25667,1
25668,1
25669,2
25670,3
25671,0
25672,2
25673,0
25674,2
25675,2
25676,1
25677,1
25678,2
25679,2
25680,0
25681,0
25682,1
25683,2
25684,0
25685,2
25686,2
25687,2
25688,1
25689,1
25690,1
25691,2
25692,0
25693,1
25694,0
25695,1
25696,1
25697,2
25698,3
25699,1
25700,2
25701,1
25702,1
25704,1
25705,2
25706,1
25707,0
25708,3
25709,0
25710,2
25711,1
25712,2
25713,2
25714,1
25715,2
25716,1
25717,3
25718,0
25719,0
25720,1
25721,1
25722,1
25723,3
25724,2
25725,0
25726,1
25727,1
25728,3
25729,1
25730,3
25731,3
25733,0
25734,0
25735,2
25736,1
25737,1
25738,3
25739,3
25740,1
25741,1
25742,0
25743,0
25744,2
25745,1
25746,1
25747,1
25748,2
25749,1
25750,3
25751,1
25752,1
25753,2
25754,2
25755,1
25756,1
25757,1
25758,0
25759,1
25760,1
25761,0
25762,1
25764,2
25765,1
25766,2
25767,1
25768,2
25769,2
25770,2
25771,2
25772,2
25773,1
25774,0
25775,1
25776,0
25777,2
25778,2
25779,1
25780,0
25781,1
25782,3
25783,0
25784,1
25785,2
25786,0
25787,0
25788,3
25789,1
25790,1
25791,2
25792,1
25793,1
25794,3
25795,3
25796,3
25797,1
25798,1
25800,1
25801,2
25802,0
25803,1
25804,1
25805,1
25806,2
25807,1
25808,0
25809,1
25810,1
25811,2
25812,1
25813,1
25814,1
25815,3
25817,1
25818,1
25819,1
25820,0
25821,1
25822,2
25823,3
25824,2
25825,2
25828,1
25830,1
25831,1
25832,2
25833,1
25834,3
25835,0
25836,0
25837,1
25838,1
25839,2
25840,2
25841,2
25842,0
25843,1
25844,2
25845,3
25846,2
25848,0
25849,1
25850,2
25851,3
25853,0
25854,1
25855,1
25856,1
25857,1
25858,2
25859,1
25860,3
25861,2
25862,0
25863,1
25864,0
25865,1
25867,1
25868,2
25869,1
25870,3
25871,1
25872,1
25873,1
25874,1
25875,0
25876,0
25877,1
25879,1
25880,3
25881,2
25882,2
25883,1
25884,1
25885,1
25886,1
25887,1
25888,1
25889,3
25890,1
25891,3
25892,3
25893,1
25894,1
25895,1
25896,0
25897,2
25898,3
25899,3
25900,1
25901,1
25902,1
25903,0
25904,3
25905,1
25906,2
25907,3
25908,1
25909,0
25910,1
25911,3
25912,1
25913,1
25914,3
25915,1
25916,1
25917,0
25918,3
25919,1
25921,0
25923,0
25924,0
25925,1
25926,2
25927,1
25928,2
25929,3
25930,0
25931,0
25932,1
25933,2
25935,0
25936,0
25937,0
25938,1
25939,0
25940,1
25941,2
25942,1
25943,2
25944,1
25945,1
25946,1
25947,3
25948,0
25949,0
25950,1
25951,2
25952,0
25953,0
25954,1
25955,0
25956,1
25957,0
25958,0
25960,3
25961,0
25962,3
25963,3
25964,1
25965,3
25967,3
25968,3
25969,0
25970,3
25971,1
25972,2
25973,3
25974,0
25975,1
25976,1
25977,3
25978,3
25979,1
25981,1
25982,2
25983,2
25984,1
25985,1
25986,1
25987,0
25989,2
25990,3
25991,1
25992,2
25993,2
25995,2
25996,1
25998,1
25999,3
26000,1
26001,1
26002,1
26003,3
26004,3
26005,2
26006,3
26007,1
26008,1
26009,1
26010,1
26011,1
26012,2
26013,0
26015,2
26016,1
26017,1
26018,0
26019,0
26020,2
26021,0
26022,2
26023,2
26024,2
26025,2
26026,2
26027,3
26028,1
26029,1
26030,2
26031,2
26032,0
26033,2
26034,2
26036,2
26037,0
26038,3
26039,2
26040,0
26041,1
26042,3
26043,1
26044,2
26046,1
26047,2
26048,0
26049,3
26050,1
26051,1
26052,1
26053,2
26054,1
26055,2
26056,1
26057,0
26058,0
26059,1
26060,3
26061,0
26062,3
26063,1
26064,3
26065,3
26066,0
26067,2
26068,1
26069,1
26070,0
26071,3
26072,0
26073,1
26074,3
26075,0
26076,0
26077,0
26078,1
26080,1
26081,1
26082,1
26083,1
26084,0
26085,0
26086,3
26087,1
26088,3
26089,1
26090,1
26091,1
26092,3
26093,3
26094,1
26095,1
26096,2
26097,1
26098,1
26099,1
26101,2
26102,1
26103,1
26104,1
26105,3
26106,3
26107,0
26109,1
26110,0
26111,1
26113,3
26114,1
26115,1
26116,2
26117,2
26118,1
26119,1
26120,3
26121,1
26122,0
26123,0
26124,3
26125,0
26127,3
26128,0
26129,2
26130,3
26131,1
26132,2
26133,3
26134,0
26135,3
26137,0
26138,3
26139,1
26140,2
26141,2
26142,0
26143,3
26144,2
26145,0
26146,1
26147,2
26148,1
26149,0
26150,1
26151,1
26152,2
26153,1
26154,1
26155,3
26156,0
26157,2
26158,0
26159,0
26160,1
26161,2
26162,1
26163,2
26164,3
26165,2
26166,2
26167,3
26168,3
26169,1
26172,2
26173,3
26174,1
26175,1
26176,2
26177,2
26178,1
26179,2
26180,0
26181,1
26182,1
26183,2
26184,0
26185,0
26186,1
26187,0
26188,2
26189,1
26190,2
26191,1
26192,0
26193,2
26194,1
26195,2
26196,1
26197,1
26198,1
26199,1
26200,1
26201,3
26202,2
26203,1
26204,1
26205,3
26206,1
26207,1
26208,1
26209,1
26210,1
26211,0
26212,2
26213,1
26214,0
26215,1
26216,2
26218,1
26219,1
26220,2
26221,1
26222,0
26223,3
26224,1
26225,2
26226,3
26227,1
26228,2
26229,1
26230,0
26231,2
26232,0
26233,2
26234,2
26235,3
26236,1
26237,3
26238,1
26239,3
26240,2
26242,2
26243,2
26244,3
26245,0
26246,1
26247,2
26248,2
26249,3
26250,0
26251,1
26252,0
26253,1
26254,2
26255,3
26256,0
26257,2
26258,1
26259,0
26260,2
26261,3
26263,0
26264,2
26265,0
26266,2
26267,0
26269,2
26270,1
26271,3
26272,3
26273,1
26274,2
26275,1
26276,1
26277,0
26278,3
26279,0
26280,0
26281,2
26282,1
26283,1
26284,2
26285,1
26286,1
26287,0
26288,3
26289,0
26290,1
26291,1
26292,3
26293,1
26294,1
26295,1
26296,1
26297,2
26298,1
26299,3
26300,3
26301,2
26302,1
26303,1
26304,0
26305,3
26306,1
26307,0
26308,1
26309,2
26310,3
26311,2
26312,3
26314,0
26315,2
26316,0
26317,2
26318,1
26319,0
26320,2
26321,1
26322,1
26323,3
26324,2
26325,1
26326,1
26327,1
26328,2
26329,1
26330,1
26331,0
26332,1
26333,3
26334,1
26336,1
26337,2
26338,0
26339,1
26340,0
26341,3
26342,3
26343,2
26344,0
26345,2
26346,0
26347,2
26348,0
26349,2
26350,2
26351,1
26352,1
26353,0
26354,1
26355,1
26356,1
26357,0
26358,2
26359,1
26360,1
26361,0
26362,1
26363,1
26364,1
26365,0
26366,1
26367,1
26368,3
26369,1
26370,3
26371,2
26372,2
26373,1
26375,1
26376,1
26377,0
26378,2
26379,2
26380,2
26381,2
26382,1
26383,1
26384,3
26385,1
26386,1
26387,1
26388,1
26389,1
26390,1
26391,1
26392,0
26393,0
26394,1
26395,2
26396,2
26397,1
26398,2
26399,1
26400,0
26401,1
26403,2
26404,1
26405,1
26406,3
26407,0
26408,1
26409,0
26410,2
26411,0
26412,2
26413,1
26414,1
26415,3
26416,0
26418,1
26420,2
26421,0
26422,2
26423,1
26424,1
26425,0
26426,1
26427,0
26428,1
26429,1
26430,3
26431,1
26432,1
26433,1
26434,1
26435,1
26436,2
26438,1
26439,1
26440,0
26441,1
26442,3
26443,3
26444,2
26445,0
26446,0
26449,3
26450,1
26451,0
26452,2
26453,3
26454,0
26455,1
26456,2
26457,0
26458,1
26459,1
26460,0
26461,1
26462,1
26463,1
26465,1
26466,2
26467,1
26468,2
26470,0
26471,0
26473,2
26475,3
26476,3
26477,2
26478,2
26479,0
26480,2
26481,1
26483,1
26485,2
26487,1
26488,1
26489,3
26490,2
26491,1
26492,3
26493,1
26494,0
26495,1
26496,2
26497,0
26498,0
26499,1
26501,1
26503,2
26504,3
26505,1
26506,1
26507,3
26508,0
26509,0
26510,0
26511,2
26512,0
26513,0
26514,2
26515,3
26516,2
26517,2
26518,3
26519,1
26520,0
26521,1
26522,0
26523,1
26524,1
26525,3
26527,1
26528,3
26529,0
26530,2
26531,2
26532,1
26533,0
26534,2
26535,3
26536,1
26537,2
26538,1
26539,1
26540,1
26541,1
26542,1
26543,2
26544,1
26545,3
26546,2
26547,2
26548,1
26549,3
26550,2
26551,3
26552,1
26553,1
26555,2
26556,2
26557,2
26558,1
26559,1
26560,0
26561,2
26562,0
26563,2
26564,3
26565,1
26567,1
26568,0
26569,2
26570,2
26571,1
26572,1
26573,3
26574,1
26575,2
26576,1
26577,1
26578,2
26579,1
26580,0
26581,3
26582,1
26583,3
26584,1
26585,1
26586,0
26587,2
26588,1
26589,1
26590,1
26591,1
26592,0
26593,1
26594,1
26595,1
26596,2
26597,0
26598,1
26600,2
26601,2
26602,2
26603,1
26604,2
26605,1
26606,2
26607,1
26608,2
26610,1
26611,2
26612,0
26613,3
26614,3
26615,2
26617,1
26618,0
26619,2
26620,1
26621,1
26622,1
26623,2
26624,1
26625,2
26626,0
26627,1
26629,3
26630,0
26631,1
26632,2
26633,1
26635,3
26636,1
26637,2
26638,1
26639,2
26640,1
26641,1
26642,0
26643,0
26644,3
26646,0
26647,0
26648,0
26649,3
26650,1
26652,2
26653,0
26654,2
26655,3
26656,3
26657,0
26658,0
26659,3
26660,1
26661,3
26662,1
26663,1
26664,2
26665,1
26666,1
26667,1
26668,0
26669,1
26670,1
26671,0
26672,1
26674,1
26675,0
26676,2
26677,2
26678,1
26679,2
26681,1
26682,2
26683,1
26684,3
26685,0
26686,1
26687,2
26689,2
26690,1
26691,0
26692,3
26693,1
26694,0
26695,3
26696,1
26697,1
26698,1
26699,3
26701,1
26702,3
26704,2
26705,1
26708,3
26710,3
26711,0
26712,2
26713,0
26714,1
26715,1
26716,0
26717,1
26718,0
26719,1
26721,2
26722,1
26723,0
26724,1
26725,2
26726,1
26727,1
26728,1
26729,1
26730,0
26731,1
26732,1
26733,2
26734,0
26735,2
26737,2
26738,1
26739,1
26740,0
26741,1
26742,0
26743,0
26744,1
26745,2
26746,2
26747,2
26748,0
26749,1
26750,0
26751,3
26752,1
26753,2
26754,1
26755,1
26756,2
26757,2
26758,1
26759,1
26760,2
26761,1
26762,0
26763,2
26764,1
26765,2
26766,3
26767,1
26768,0
26769,1
26770,1
26771,1
26772,2
26773,1
26774,3
26775,0
26776,0
26777,0
26778,0
26779,2
26780,1
26781,1
26782,2
26783,2
26784,2
26786,1
26787,1
26788,1
26790,0
26791,1
26792,1
26794,2
26795,0
26796,1
26797,2
26799,2
26801,1
26802,3
26803,2
26804,3
26805,1
26806,3
26807,0
26808,2
26809,1
26810,2
26811,2
26812,3
26813,2
26814,3
26815,1
26816,2
26818,0
26819,2
26821,1
26822,0
26823,1
26824,2
26825,2
26826,2
26827,2
26828,1
26829,2
26830,2
26831,1
26832,1
26833,3
26834,1
26835,1
26836,1
26837,1
26838,2
26839,1
26840,2
26841,3
26842,0
26843,1
26844,2
26845,2
26846,1
26847,2
26848,1
26849,0
26850,3
26851,3
26852,0
26853,2
26854,3
26855,0
26856,1
26857,0
26858,1
26859,0
26860,2
26861,1
26862,1
26863,2
26864,0
26865,2
26866,0
26867,1
26868,2
26869,2
26870,2
26871,1
26872,2
26873,0
26874,2
26875,2
26876,1
26877,3
26878,1
26879,1
26880,1
26881,1
26882,1
26884,1
26885,2
26886,3
26887,2
26888,3
26889,0
26890,1
26891,1
26893,1
26894,3
26895,1
26897,3
26898,2
26899,1
26900,3
26901,1
26902,2
26903,1
26904,3
26905,1
26906,0
26907,3
26908,2
26909,3
26910,2
26912,1
26913,2
26915,0
26916,1
26917,0
26918,1
26920,3
26921,1
26922,1
26923,3
26924,1
26925,1
26926,2
26927,3
26928,2
26929,1
26930,1
26931,2
26932,2
26933,0
26934,1
26935,2
26936,0
26937,2
26938,1
26939,1
26940,1
26941,1
26942,3
26943,3
26944,2
26945,1
26947,0
26948,1
26949,1
26950,2
26951,3
26952,1
26953,0
26954,1
26956,1
26957,2
26958,3
26959,1
26960,2
26961,0
26962,2
26963,2
26964,0
26965,3
26966,0
26967,2
26968,1
26969,3
26970,0
26971,1
26973,3
26974,2
26975,1
26976,1
26977,2
26978,1
26979,1
26980,2
26981,1
26982,1
26984,2
26986,2
26987,2
26988,2
26989,2
26990,1
26991,2
26992,1
26993,1
26994,1
26995,2
26996,1
26997,1
26998,0
26999,1
27000,2
27001,3
27002,2
27003,0
27004,1
27005,1
27006,1
27008,2
27009,2
27010,0
27011,0
27012,2
27013,1
27014,1
27015,1
27016,3
27017,2
27018,1
27019,0
27020,3
27021,1
27022,1
27023,2
27024,1
27026,1
27027,1
27028,1
27029,1
27030,2
27031,0
27032,1
27033,1
27034,1
27035,1
27036,1
27037,3
27038,0
27039,3
27040,2
27042,2
27043,1
27045,1
27046,2
27047,2
27048,2
27049,1
27050,0
27051,0
27052,1
27053,3
27054,0
27055,0
27056,3
27057,1
27058,1
27059,2
27060,2
27061,1
27062,1
27063,1
27064,1
27065,2
27066,1
27067,1
27068,0
27069,1
27070,1
27071,0
27072,2
27073,1
27074,1
27075,1
27076,1
27078,0
27080,2
27081,1
27082,3
27083,1
27084,1
27085,1
27086,1
27087,1
27088,2
27089,2
27090,0
27091,2
27092,2
27094,1
27095,1
27096,3
27097,2
27098,1
27099,0
27100,0
27101,3
27102,0
27103,2
27104,1
27105,0
27106,0
27107,1
27108,3
27109,1
27110,0
27111,1
27112,1
27113,1
27114,2
27115,1
27116,2
27117,0
27118,1
27119,3
27120,1
27121,2
27122,1
27123,2
27124,1
27125,2
27126,2
27127,1
27128,2
27129,1
27130,1
27131,2
27132,2
27133,2
27134,0
27135,1
27136,0
27137,2
27138,2
27139,1
27141,1
27142,1
27143,0
27144,2
27145,0
27146,1
27147,2
27148,0
27149,3
27151,2
27152,3
27154,1
27155,2
27156,1
27157,1
27158,1
27159,0
27160,2
27161,0
27162,0
27163,1
27164,1
27165,2
27166,1
27167,0
27168,1
27169,1
27170,1
27171,0
27172,2
27173,1
27174,1
27175,0
27176,3
27177,0
27178,1
27179,1
27180,3
27181,1
27183,1
27184,3
27185,0
27186,2
27187,1
27188,1
27189,2
27190,2
27191,0
27192,0
27193,2
27194,2
27195,0
27196,1
27197,2
27198,2
27199,3
27200,2
27201,0
27202,3
27203,3
27204,3
27205,1
27206,2
27207,2
27208,1
27209,0
27210,3
27211,2
27212,2
27213,3
27214,2
27215,2
27216,3
27217,1
27218,0
27219,1
27220,3
27221,2
27222,1
27223,3
27224,0
27225,1
27226,2
27227,1
27228,1
27229,2
27231,1
27233,1
27234,1
27235,2
27236,1
27237,3
27238,1
27239,2
27240,3
27241,2
27242,1
27243,1
27244,1
27245,0
27246,1
27247,1
27248,2
27249,1
27250,1
27251,2
27252,0
27253,1
27254,1
27255,0
27256,0
27257,1
27258,2
27259,2
27260,3
27261,2
27262,1
27263,1
27264,1
27265,1
27266,1
27267,1
27268,3
27270,1
27271,0
27272,2
27273,0
27274,1
27275,0
27276,0
27279,1
27280,2
27281,1
27282,0
27283,1
27285,0
27286,0
27288,3
27289,1
27292,1
27293,1
27294,2
27295,1
27296,2
27297,3
27298,1
27299,1
27301,1
27302,1
27303,2
27304,2
27305,1
27306,1
27307,1
27308,3
27309,2
27310,0
27311,2
27312,1
27313,1
27314,1
27315,2
27316,2
27318,1
27319,2
27320,1
27321,3
27322,1
27323,2
27324,3
27326,1
27327,2
27328,3
27329,3
27330,1
27333,0
27335,0
27336,0
27337,3
27338,2
27339,0
27340,3
27341,2
27342,1
27343,2
27344,2
27345,0
27346,3
27347,3
27348,1
27349,1
27350,1
27351,2
27352,1
27353,2
27354,1
27355,1
27356,2
27357,2
27358,2
27359,2
27360,1
27361,1
27362,2
27363,1
27364,2
27365,1
27366,2
27367,1
27368,2
27369,1
27370,1
27371,2
27372,1
27373,1
27374,0
27375,3
27377,2
27378,1
27379,0
27380,1
27381,1
27382,1
27383,2
27384,1
27385,0
27387,2
27388,0
27389,0
27390,0
27391,1
27392,3
27395,1
27396,0
27397,2
27398,0
27399,1
27400,1
27401,1
27402,1
27403,2
27404,3
27405,1
27406,0
27407,3
27408,0
27409,0
27410,1
27411,3
27412,2
27413,1
27414,2
27415,1
27416,3
27417,2
27418,3
27419,1
27420,1
27422,2
27423,1
27424,2
27425,2
27426,2
27427,0
27428,2
27429,1
27430,1
27431,2
27432,2
27433,0
27434,2
27435,0
27436,0
27437,3
27439,2
27440,1
27441,2
27442,0
27443,1
27444,3
27445,0
27446,1
27447,2
27448,1
27449,2
27450,2
27451,1
27452,0
27453,0
27454,1
27455,0
27456,0
27457,2
27458,3
27459,1
27460,1
27461,1
27462,1
27463,0
27464,0
27465,1
27466,2
27467,1
27468,2
27469,3
27470,2
27471,0
27472,1
27473,1
27474,3
27476,1
27477,2
27478,3
27479,1
27480,1
27481,1
27482,2
27483,2
27484,1
27485,0
27487,1
27488,2
27489,2
27490,1
27491,1
27492,1
27493,2
27494,0
27496,3
27497,3
27498,1
27500,3
27501,3
27502,3
27504,3
27505,2
27506,0
27507,0
27508,1
27509,3
27510,3
27511,2
27512,1
27513,3
27514,2
27515,3
27516,1
27517,1
27518,3
27519,1
27520,1
27521,1
27522,0
27523,2
27524,1
27526,1
27527,3
27528,1
27529,3
27531,0
27532,0
27533,2
27534,3
27535,2
27536,1
27537,2
27538,1
27539,1
27540,2
27541,2
27542,2
27543,3
27544,2
27545,0
27546,2
27547,1
27548,1
27550,1
27551,3
27552,1
27553,1
27554,1
27555,1
27556,1
27557,1
27558,0
27559,0
27560,3
27561,1
27562,0
27563,3
27564,2
27565,1
27566,2
27567,0
27568,1
27569,0
27570,0
27571,1
27572,0
27573,1
27574,1
27575,3
27576,1
27577,0
27578,2
27579,2
27580,3
27581,1
27582,3
27583,1
27584,3
27585,3
27586,1
27587,0
27588,1
27589,2
27590,3
27591,0
27592,1
27593,1
27595,3
27596,2
27597,1
27598,0
27599,2
27600,3
27601,1
27602,0
27603,2
27604,2
27605,1
27606,0
27607,1
27608,2
27609,1
27610,1
27611,0
27612,2
27613,2
27614,2
27615,2
27616,2
27617,2
27618,3
27619,3
27620,2
27621,1
27622,2
27623,1
27624,1
27625,1
27626,3
27627,1
27629,0
27630,1
27631,2
27632,1
27633,3
27634,1
27635,0
27636,0
27637,2
27638,3
27639,1
27640,1
27641,0
27642,3
27643,1
27644,1
27645,2
27646,3
27647,1
27648,1
27649,2
27650,3
27651,1
27652,1
27653,3
27654,0
27655,1
27656,0
27657,3
27658,2
27659,0
27660,1
27661,1
27662,3
27663,1
27664,1
27665,1
27666,1
27667,1
27668,2
27669,1
27670,1
27672,1
27673,1
27674,0
27675,0
27676,0
27677,2
27678,0
27679,0
27680,1
27681,2
27682,1
27683,1
27684,1
27685,1
27686,1
27687,1
27688,1
27690,1
27691,1
27692,1
27693,3
27695,1
27696,3
27697,0
27698,2
27699,2
27700,2
27701,1
27702,1
27703,3
27704,2
27707,1
27708,3
27709,1
27711,0
27712,1
27713,2
27715,1
27716,3
27717,0
27718,2
27719,1
27720,1
27721,1
27722,2
27723,1
27724,0
27725,0
27726,2
27727,3
27728,1
27729,1
27730,0
27731,2
27732,2
27733,0
27734,0
27735,2
27736,3
27737,2
27738,1
27739,1
27740,1
27741,0
27742,1
27743,2
27744,1
27745,3
27746,1
27747,0
27748,0
27749,1
27750,1
27751,0
27752,3
27753,2
27754,3
27755,0
27756,0
27757,0
27758,1
27759,3
27760,1
27761,0
27762,2
27763,2
27764,0
27765,1
27766,1
27767,1
27768,3
27769,0
27770,2
27771,0
27772,1
27773,1
27774,1
27775,1
27776,3
27777,0
27778,3
27779,2
27780,2
27781,0
27782,1
27783,2
27784,1
27785,1
27786,0
27787,1
27788,3
27789,2
27790,1
27791,1
27792,1
27793,1
27794,1
27796,3
27797,0
27799,2
27800,1
27801,0
27802,2
27803,2
27804,0
27805,1
27806,2
27807,1
27808,1
27809,2
27810,1
27811,2
27812,2
27813,2
27815,1
27816,0
27817,0
27818,1
27819,3
27820,2
27821,2
27822,3
27823,0
27824,1
27825,3
27826,0
27827,0
27829,2
27830,3
27832,1
27834,3
27835,1
27836,2
27838,1
27839,1
27840,2
27841,1
27842,0
27843,3
27844,1
27845,0
27846,3
27847,2
27848,3
27849,3
27850,3
27851,1
27852,1
27853,3
27854,1
27855,1
27856,3
27857,0
27859,0
27860,3
27861,0
27862,2
27864,1
27865,1
27866,2
27867,1
27868,3
27869,3
27870,0
27871,1
27872,0
27873,0
27874,0
27875,1
27876,1
27877,2
27878,3
27879,0
27880,0
27881,0
27882,1
27884,1
27885,1
27886,1
27887,2
27888,1
27889,2
27890,2
27891,1
27893,1
27894,2
27895,2
27896,2
27897,0
27898,2
27899,0
27900,2
27901,2
27902,1
27903,1
27904,2
27905,1
27906,2
27908,1
27909,2
27910,2
27911,1
27912,0
27913,1
27915,3
27916,1
27918,1
27919,3
27920,2
27921,1
27922,1
27923,2
27924,3
27925,3
27926,0
27927,1
27928,0
27929,2
27930,1
27931,2
27932,0
27933,3
27934,1
27935,1
27936,2
27937,3
27938,3
27939,1
27940,3
27941,2
27944,2
27945,1
27946,0
27947,1
27948,1
27949,2
27951,1
27952,1
27953,1
27954,1
27955,1
27956,1
27957,2
27958,1
27959,3
27960,2
27961,0
27962,0
27963,3
27964,1
27965,1
27966,3
27967,1
27968,0
27969,2
27970,2
27971,2
27972,2
27973,0
27975,1
27976,2
27977,0
27978,0
27979,2
27980,1
27981,1
27982,1
27983,1
27984,1
27985,3
27986,2
27987,3
27988,2
27989,1
27990,0
27991,1
27992,1
27993,1
27994,2
27995,1
27996,2
27997,0
27999,3
28000,1
28001,1
28002,3
28003,0
28004,1
28005,1
28007,1
28008,0
28009,0
28011,2
28012,2
28013,1
28014,2
28015,1
28016,3
28017,3
28019,3
28020,3
28021,1
28022,1
28023,2
28024,0
28025,0
28026,0
28027,1
28028,3
28029,3
28030,1
28031,1
28032,3
28034,1
28035,3
28036,2
28037,0
28038,2
28039,0
28040,2
28041,2
28042,2
28043,0
28044,2
28045,3
28046,3
28047,2
28048,2
28049,3
28050,0
28052,1
28053,1
28054,1
28055,1
28056,1
28057,1
28058,3
28059,2
28060,2
28061,0
28062,2
28063,3
28064,2
28065,0
28066,0
28068,1
28069,0
28070,2
28071,0
28072,1
28073,1
28074,0
28075,3
28076,0
28077,2
28078,1
28079,0
28080,2
28081,0
28082,2
28083,2
28084,1
28085,1
28086,2
28087,1
28088,1
28089,2
28091,2
28093,1
28094,3
28095,1
28096,1
28097,3
28098,1
28099,1
28100,0
28101,1
28102,2
28103,2
28104,1
28105,3
28106,3
28107,2
28108,1
28109,0
28110,0
28111,1
28112,1
28113,0
28114,2
28115,2
28116,1
28117,2
28118,2
28120,1
28121,2
28122,1
28123,2
28124,2
28125,0
28126,1
28127,3
28128,3
28129,1
28130,1
28131,0
28133,1
28134,1
28136,1
28137,0
28138,1
28140,1
28141,1
28142,1
28143,1
28144,0
28145,1
28146,1
28147,1
28148,1
28149,2
28150,1
28151,2
28152,2
28154,3
28155,0
28156,2
28157,1
28158,1
28159,1
28160,2
28161,1
28162,3
28163,2
28164,2
28165,3
28166,3
28167,1
28168,3
28169,1
28170,1
28171,2
28172,1
28173,0
28175,1
28176,1
28177,1
28179,3
28180,3
28181,1
28182,2
28183,1
28185,1
28186,2
28187,2
28188,3
28189,1
28190,0
28191,0
28192,2
28193,0
28194,0
28195,1
28196,1
28197,2
28198,2
28199,3
28200,1
28201,1
28202,1
28203,1
28204,1
28205,2
28206,0
28207,1
28208,3
28209,1
28210,1
28211,1
28212,2
28213,1
28214,3
28215,1
28216,2
28217,1
28218,1
28219,2
28220,2
28221,0
28222,1
28223,2
28224,0
28225,3
28226,1
28227,0
28228,1
28229,2
28231,2
28232,1
28233,3
28234,1
28235,0
28236,0
28237,1
28238,2
28239,1
28240,1
28241,2
28242,3
28243,3
28244,1
28245,3
28246,3
28247,1
28248,2
28249,3
28250,2
28251,2
28252,3
28253,0
28254,3
28255,0
28256,2
28257,2
28258,0
28259,1
28260,0
28261,0
28262,1
28263,1
28264,1
28265,0
28266,2
28267,0
28268,0
28269,3
28270,0
28271,1
28272,1
28273,0
28274,1
28275,1
28276,1
28277,1
28278,1
28279,1
28280,0
28281,1
28282,2
28283,1
28284,0
28285,2
28287,1
28288,2
28289,3
28290,1
28291,1
28292,3
28293,2
28294,0
28295,1
28296,3
28297,2
28298,3
28299,0
28300,3
28301,0
28303,0
28305,2
28306,1
28307,3
28310,1
28311,1
28312,1
28313,2
28314,3
28315,1
28316,0
28317,2
28318,1
28319,2
28320,1
28321,2
28322,2
28323,0
28324,1
28325,0
28326,1
28327,1
28328,3
28329,0
28330,0
28331,1
28332,3
28334,0
28335,1
28336,3
28338,2
28339,1
28340,3
28341,3
28342,0
28343,0
28344,2
28345,2
28346,2
28347,2
28348,1
28349,2
28350,3
28351,0
28352,3
28353,1
28354,1
28355,0
28356,3
28357,1
28358,1
28359,3
28360,1
28361,2
28362,3
28363,3
28364,0
28365,2
28366,1
28367,2
28368,2
28369,1
28370,2
28371,1
28372,1
28373,0
28374,3
28375,3
28377,2
28378,0
28379,3
28380,1
28381,3
28382,1
28384,2
28385,3
28386,3
28387,1
28388,3
28389,2
28390,1
28391,2
28392,1
28393,2
28395,0
28396,3
28397,0
28398,3
28399,0
28400,2
28401,3
28402,1
28403,2
28404,2
28405,2
28406,1
28407,3
28408,1
28410,0
28411,1
28413,1
28414,2
28415,0
28416,2
28417,1
28419,2
28420,0
28421,3
28422,0
28423,1
28424,1
28425,2
28426,1
28427,2
28428,0
28429,1
28430,2
28431,1
28432,1
28433,1
28434,2
28435,1
28436,1
28437,2
28438,1
28439,1
28440,1
28441,1
28442,2
28443,1
28444,0
28445,1
28446,3
28448,1
28449,3
28450,1
28451,0
28452,2
28453,3
28454,1
28456,2
28457,0
28458,3
28459,1
28460,2
28461,1
28462,1
28463,1
28465,2
28466,2
28467,2
28468,0
28469,2
28470,2
28471,2
28472,2
28473,3
28474,1
28475,2
28476,1
28477,2
28478,1
28479,3
28480,1
28481,2
28482,3
28483,2
28484,1
28485,0
28486,1
28487,0
28488,3
28489,0
28490,0
28491,1
28492,2
28493,1
28494,2
28495,1
28496,1
28497,1
28498,1
28499,1
28500,2
28501,1
28502,1
28503,1
28505,2
28506,2
28509,3
28510,0
28511,1
28512,1
28513,2
28514,1
28515,2
28516,0
28517,0
28518,2
28519,1
28520,0
28521,1
28522,1
28523,1
28524,2
28525,1
28526,2
28527,1
28528,1
28529,3
28530,3
28532,1
28533,3
28534,2
28535,3
28536,1
28537,1
28538,1
28539,3
28540,1
28541,0
28542,0
28543,3
28544,0
28545,1
28546,0
28547,2
28548,1
28549,3
28550,0
28551,0
28552,2
28553,2
28554,1
28555,1
28556,1
28557,1
28558,2
28559,2
28560,3
28561,1
28562,3
28563,1
28564,1
28565,1
28566,2
28567,2
28569,2
28570,2
28571,3
28572,1
28573,0
28574,1
28575,2
28576,1
28577,2
28578,1
28579,1
28580,1
28581,2
28582,3
28583,1
28584,3
28585,1
28586,3
28587,1
28589,2
28590,1
28591,2
28592,2
28593,2
28594,3
28595,1
28596,0
28597,3
28598,3
28599,1
28600,1
28601,1
28602,2
28603,3
28604,3
28605,2
28606,0
28607,0
28609,1
28610,3
28611,1
28612,0
28613,1
28614,0
28615,3
28616,1
28617,1
28618,2
28619,0
28620,2
28621,2
28622,0
28623,3
28624,0
28625,0
28626,1
28627,3
28628,1
28629,2
28630,2
28631,3
28632,3
28633,1
28634,3
28635,1
28636,1
28637,0
28638,1
28639,1
28640,3
28641,3
28642,1
28643,1
28644,2
28645,1
28646,3
28647,1
28648,2
28649,0
28650,3
28651,2
28652,2
28653,2
28654,3
28655,0
28657,1
28658,3
28659,1
28660,1
28661,1
28662,3
28663,3
28664,2
28665,2
28666,2
28667,2
28668,1
28669,2
28670,2
28671,1
28672,2
28673,2
28674,2
28675,2
28676,1
28677,2
28678,2
28679,1
28680,0
28681,1
28682,2
28684,0
28685,1
28686,2
28688,1
28689,2
28690,2
28691,2
28692,1
28693,0
28695,0
28696,1
28697,1
28699,1
28700,2
28701,0
28702,2
28703,2
28704,1
28705,1
28706,1
28708,1
28709,3
28710,2
28711,1
28712,1
28713,1
28714,1
28715,1
28716,1
28717,2
28718,0
28719,0
28720,1
28721,1
28722,3
28723,1
28724,0
28725,2
28726,1
28727,3
28728,2
28729,0
28730,0
28732,2
28733,2
28734,1
28735,3
28736,1
28737,0
28738,1
28739,2
28740,1
28741,2
28742,1
28743,1
28744,1
28745,1
28746,1
28747,3
28748,3
28749,1
28750,1
28751,3
28752,1
28753,0
28754,0
28756,0
28757,1
28758,1
28759,2
28760,3
28761,0
28762,0
28763,2
28765,1
28766,0
28767,1
28768,0
28769,1
28770,0
28771,0
28773,0
28775,1
28776,2
28777,1
28778,2
28779,1
28780,1
28781,3
28782,2
28783,1
28784,1
28785,1
28786,1
28787,0
28788,2
28789,2
28790,2
28791,3
28792,3
28793,1
28794,1
28795,0
28797,2
28798,1
28799,1
28800,2
28801,2
28802,1
28803,0
28804,1
28805,1
28806,0
28807,0
28808,1
28809,1
28810,2
28811,2
28812,1
28813,3
28814,2
28815,1
28816,1
28817,1
28818,0
28819,3
28820,3
28822,3
28823,1
28824,1
28825,1
28826,0
28827,1
28828,1
28829,0
28830,2
28831,3
28832,1
28833,0
28835,0
28836,2
28837,0
28838,2
28839,1
28840,1
28841,2
28842,2
28843,1
28844,2
28845,2
28846,1
28847,0
28848,1
28849,2
28850,1
28851,1
28852,1
28855,2
28856,0
28857,3
28858,1
28859,3
28860,3
28861,1
28862,1
28863,1
28864,1
28865,2
28866,0
28867,1
28869,2
28870,1
28871,1
28872,1
28873,0
28874,1
28875,1
28876,0
28877,3
28878,3
28879,2
28880,0
28881,1
28882,1
28883,1
28884,0
28885,1
28886,1
28887,2
28888,0
28889,2
28890,2
28891,0
28892,3
28893,3
28894,2
28895,3
28896,1
28897,2
28898,1
28899,2
28900,1
28901,2
28902,0
28903,1
28904,0
28905,0
28906,0
28907,1
28908,3
28909,1
28910,2
28912,2
28913,1
28914,1
28915,2
28916,1
28917,3
28918,2
28919,3
28920,0
28921,0
28922,1
28923,1
28924,2
28925,2
28926,1
28927,1
28928,1
28929,1
28931,3
28932,1
28933,3
28934,1
28935,3
28936,2
28937,2
28939,0
28940,1
28941,1
28942,1
28943,2
28944,1
28945,2
28946,1
28947,1
28948,1
28949,1
28950,2
28952,0
28953,1
28954,1
28956,0
28957,2
28958,0
28959,0
28960,3
28961,3
28962,2
28963,1
28965,3
28966,1
28967,1
28968,1
28969,0
28970,3
28971,0
28972,3
28973,0
28975,1
28976,0
28977,1
28978,3
28979,3
28980,0
28981,1
28982,1
28983,0
28984,1
28985,2
28986,1
28988,1
28989,1
28990,1
28991,3
28992,1
28993,0
28994,0
28995,1
28996,2
28997,0
28998,1
28999,3
29000,1
29001,1
29002,2
29003,0
29004,2
29005,1
29006,1
29007,1
29008,0
29009,2
29010,1
29011,2
29012,1
29013,2
29014,0
29015,2
29016,0
29017,0
29018,1
29019,1
29021,1
29022,1
29023,1
29024,0
29025,1
29026,2
29027,2
29028,0
29029,3
29031,1
29032,3
29033,3
29034,1
29035,1
29036,0
29037,1
29038,3
29039,3
29040,1
29041,3
29042,3
29043,1
29044,1
29045,1
29046,3
29047,1
29048,0
29049,1
29050,2
29051,3
29052,2
29053,0
29054,3
29055,2
29056,1
29057,1
29058,1
29059,0
29060,2
29061,1
29062,1
29063,1
29064,0
29065,0
29066,3
29067,1
29068,3
29069,0
29070,2
29071,1
29072,2
29074,2
29075,1
29076,1
29077,0
29078,2
29079,0
29080,2
29081,1
29082,1
29083,1
29084,1
29085,2
29086,1
29087,3
29088,1
29089,1
29090,1
29091,3
29092,1
29093,1
29094,1
29096,1
29097,1
29098,0
29100,2
29101,0
29102,2
29103,1
29104,3
29105,3
29106,2
29107,0
29108,1
29109,3
29110,3
29112,3
29113,2
29114,3
29115,2
29116,1
29117,3
29118,1
29119,3
29120,1
29122,1
29123,2
29124,3
29125,0
29126,1
29127,1
29128,1
29129,2
29130,2
29131,3
29132,2
29133,1
29134,0
29135,0
29136,3
29139,2
29140,0
29141,0
29142,2
29143,3
29144,1
29145,1
29146,1
29148,0
29149,0
29150,1
29151,1
29152,0
29153,3
29154,1
29155,0
29156,2
29157,3
29158,0
29160,0
29161,1
29162,3
29163,1
29164,2
29165,2
29166,0
29167,1
29168,3
29169,1
29170,0
29171,3
29172,0
29173,1
29175,0
29176,1
29177,0
29178,1
29179,1
29180,2
29181,1
29182,3
29183,1
29184,3
29185,2
29186,2
29187,0
29188,3
29189,2
29190,1
29191,1
29192,3
29193,1
29194,2
29195,1
29196,1
29197,1
29198,1
29199,3
29200,3
29201,1
29202,2
29203,3
29205,0
29206,0
29207,1
29208,1
29209,1
29210,1
29211,0
29212,1
29213,2
29214,3
29215,0
29216,1
29217,0
29218,1
29219,2
29220,0
29221,1
29222,1
29223,0
29224,2
29225,1
29226,0
29227,2
29228,3
29229,0
29230,0
29231,0
29232,1
29233,1
29234,2
29235,0
29236,1
29237,1
29238,2
29239,2
29240,1
29241,1
29242,1
29243,1
29244,1
29245,2
29246,3
29247,2
29248,1
29250,3
29251,1
29252,1
29253,1
29254,1
29255,1
29256,0
29257,2
29258,3
29259,2
29260,1
29261,2
29262,1
29263,0
29264,2
29265,2
29266,3
29267,0
29268,3
29269,0
29270,2
29271,1
29272,3
29273,3
29274,3
29275,2
29276,3
29277,1
29278,1
29279,1
29280,2
29281,1
29282,1
29283,0
29284,3
29285,1
29286,1
29287,2
29288,0
29289,0
29290,1
29291,1
29292,1
29293,3
29294,2
29295,2
29296,2
29297,3
29298,1
29299,1
29300,1
29301,3
29302,1
29303,1
29304,1
29305,3
29306,1
29307,2
29308,2
29309,2
29310,0
29311,1
29312,0
29313,1
29314,1
29315,1
29316,1
29317,0
29318,3
29319,0
29320,0
29321,1
29322,2
29323,3
29324,1
29325,2
29326,1
29327,2
29329,2
29330,1
29332,0
29333,1
29334,3
29335,0
29336,0
29337,2
29338,1
29339,1
29340,2
29341,0
29342,0
29343,2
29344,2
29345,0
29346,1
29347,0
29348,3
29349,1
29350,2
29351,1
29352,1
29353,1
29354,0
29355,1
29356,3
29357,2
29358,2
29359,0
29360,1
29361,1
29362,2
29363,2
29364,3
29365,2
29366,1
29367,1
29368,1
29369,1
29370,2
29371,2
29372,1
29373,0
29374,2
29375,1
29376,1
29377,1
29378,1
29379,3
29380,1
29381,3
29382,2
29383,3
29384,2
29385,3
29386,1
29387,3
29388,2
29389,0
29390,2
29391,1
29393,0
29394,3
29395,0
29396,3
29397,1
29398,2
29399,1
29400,1
29401,1
29402,1
29403,3
29404,1
29405,1
29406,0
29407,2
29408,1
29409,1
29410,0
29411,1
29412,2
29413,3
29414,1
29415,1
29416,1
29417,1
29418,1
29419,2
29420,2
29421,2
29423,1
29424,2
29425,1
29426,1
29427,2
29428,1
29429,1
29431,2
29432,2
29433,1
29434,1
29435,0
29436,2
29437,3
29438,2
29439,3
29440,3
29441,0
29442,0
29444,1
29445,2
29446,2
29447,2
29449,3
29450,1
29451,2
29452,1
29453,1
29454,1
29455,2
29456,1
29457,2
29458,1
29459,1
29460,3
29461,1
29462,1
29463,0
29464,0
29465,2
29466,0
29467,1
29468,1
29469,2
29470,1
29471,2
29472,1
29473,2
29474,1
29475,2
29476,0
29477,0
29478,2
29479,1
29480,2
29481,2
29482,1
29483,0
29484,3
29485,1
29486,1
29487,2
29488,0
29489,3
29491,0
29492,3
29493,1
29494,2
29495,1
29496,1
29497,0
29498,1
29499,3
29500,3
29501,1
29502,1
29503,1
29504,0
29505,0
29506,3
29507,2
29508,0
29509,1
29510,1
29511,2
29512,3
29513,1
29514,1
29515,2
29516,1
29517,3
29518,2
29519,1
29520,3
29521,1
29523,1
29525,1
29526,2
29527,0
29528,2
29529,1
29531,1
29532,3
29533,1
29534,1
29535,1
29536,3
29537,1
29538,1
29539,0
29541,0
29542,0
29543,2
29544,2
29545,0
29546,2
29547,2
29548,2
29549,1
29550,2
29551,1
29552,1
29553,1
29555,2
29556,0
29557,1
29558,1
29559,1
29561,1
29562,0
29563,3
29564,3
29565,0
29566,2
29567,3
29568,0
29569,2
29570,2
29571,0
29572,2
29573,2
29574,0
29575,0
29578,0
29579,3
29581,2
29582,3
29583,2
29584,1
29585,3
29586,1
29587,1
29588,2
29589,1
29590,0
29591,0
29592,1
29593,0
29594,3
29595,1
29596,3
29597,3
29598,1
29599,1
29600,1
29601,0
29602,1
29604,0
29605,1
29606,1
29607,1
29608,3
29609,2
29610,1
29611,2
29612,1
29613,1
29614,3
29615,1
29616,0
29617,2
29618,1
29619,0
29620,3
29621,0
29622,1
29623,1
29624,0
29625,2
29626,1
29627,2
29628,3
29629,3
29630,3
29631,2
29632,3
29633,1
29634,2
29635,0
29636,0
29637,2
29638,1
29639,1
29640,2
29641,1
29642,1
29643,3
29644,2
29645,1
29646,1
29647,1
29648,1
29649,1
29650,2
29651,2
29652,0
29653,1
29654,1
29655,3
29656,0
29657,2
29658,1
29659,1
29660,1
29661,1
29662,0
29663,2
29664,1
29665,2
29666,3
29667,2
29668,0
29669,1
29670,1
29671,1
29672,1
29673,0
29674,2
29675,1
29676,1
29677,3
29678,1
29680,2
29681,1
29683,2
29684,2
29685,3
29686,2
29687,2
29688,1
29689,2
29690,0
29691,1
29692,3
29693,2
29694,1
29695,1
29696,1
29697,0
29698,1
29699,2
29700,2
29701,1
29703,1
29704,2
29705,0
29706,2
29708,0
29709,1
29710,3
29711,0
29712,1
29713,1
29714,0
29715,0
29716,1
29717,0
29719,0
29720,0
29721,1
29722,2
29723,1
29724,1
29725,3
29726,3
29727,0
29728,1
29729,3
29730,3
29731,2
29733,1
29734,0
29735,0
29736,2
29737,1
29738,0
29739,0
29740,3
29741,3
29742,0
29743,1
29744,2
29746,3
29747,2
29748,1
29749,0
29750,0
29751,0
29752,2
29753,1
29755,1
29756,1
29757,1
29758,0
29759,0
29760,1
29761,1
29762,0
29763,1
29764,1
29765,1
29766,1
29767,1
29768,1
29769,1
29770,1
29772,1
29773,0
29774,1
29775,2
29776,1
29777,2
29778,2
29779,0
29780,3
29782,2
29783,2
29784,1
29785,1
29786,3
29787,2
29788,0
29789,3
29790,0
29791,1
29792,2
29793,1
29794,2
29795,1
29796,0
29797,2
29798,2
29800,1
29801,3
29802,1
29803,3
29804,3
29805,1
29807,1
29808,1
29809,1
29810,0
29811,3
29812,1
29813,2
29814,3
29817,2
29818,2
29819,0
29820,0
29821,2
29822,1
29823,1
29824,3
29825,0
29826,0
29827,3
29829,3
29830,2
29831,1
29832,1
29833,0
29834,1
29835,3
29836,2
29837,0
29838,1
29839,2
29841,0
29842,2
29843,1
29844,0
29846,1
29847,2
29848,3
29849,2
29850,1
29851,1
29852,0
29853,3
29854,0
29856,1
29857,3
29858,3
29859,1
29860,0
29861,1
29862,1
29863,2
29864,1
29865,0
29866,1
29867,0
29868,1
29869,2
29870,2
29871,3
29872,1
29873,3
29874,1
29875,2
29876,2
29877,2
29878,1
29879,1
29880,1
29881,2
29882,0
29883,3
29884,1
29885,3
29886,2
29887,2
29888,1
29889,2
29890,0
29891,3
29892,1
29893,1
29894,3
29896,1
29897,1
29898,0
29899,1
29900,1
29903,0
29904,0
29905,3
29906,0
29907,2
29908,3
29909,1
29910,1
29911,1
29912,2
29913,1
29914,0
29915,1
29916,1
29917,0
29918,0
29919,3
29920,2
29921,3
29922,0
29923,0
29924,0
29925,0
29926,3
29927,1
29928,2
29929,1
29930,2
29931,1
29932,1
29933,2
29934,1
29935,1
29936,2
29937,0
29938,1
29939,2
29940,1
29941,0
29942,2
29943,1
29944,1
29945,1
29946,1
29947,0
29948,2
29949,2
29950,2
29951,0
29952,2
29953,2
29954,0
29955,0
29956,0
29957,0
29958,2
29959,3
29960,3
29961,0
29962,1
29963,2
29964,1
29965,1
29966,0
29967,1
29969,2
29970,2
29971,0
29972,1
29974,0
29975,2
29977,0
29979,1
29980,1
29981,2
29982,3
29983,1
29984,2
29985,1
29986,0
29987,3
29988,2
29989,0
29990,2
29991,3
29992,1
29993,1
29994,2
29995,0
29996,1
29997,2
29998,3
29999,1
30000,3
30001,1
30003,3
30004,0
30005,0
30006,0
30007,1
30008,2
30009,3
30010,2
30011,3
30012,2
30013,1
30014,2
30015,2
30016,3
30017,3
30018,2
30019,1
30020,2
30021,2
30022,3
30023,3
30024,2
30025,1
30026,1
30027,0
30029,2
30030,0
30031,1
30032,0
30033,3
30034,1
30035,0
30036,0
30037,2
30038,0
30039,0
30040,3
30041,0
30043,2
30044,0
30045,1
30046,1
30047,3
30048,3
30049,1
30050,2
30051,1
30052,1
30054,2
30056,1
30057,3
30059,2
30060,1
30062,1
30064,2
30065,1
30066,1
30067,2
30068,3
30069,2
30070,2
30071,1
30072,3
30073,1
30074,1
30075,1
30076,1
30077,2
30078,3
30079,2
30080,2
30081,2
30082,2
30083,0
30084,0
30085,3
30086,0
30088,0
30089,0
30090,3
30092,1
30093,1
30094,1
30095,1
30096,0
30097,1
30098,2
30099,0
30100,1
30101,1
30102,1
30103,1
30104,1
30106,1
30107,2
30108,0
30109,2
30110,3
30111,0
30112,0
30114,1
30115,3
30116,1
30117,2
30118,0
30119,0
30120,3
30121,1
30122,0
30123,1
30124,1
30125,1
30126,1
30127,1
30128,0
30129,1
30130,3
30131,0
30132,0
30133,1
30134,0
30135,3
30136,0
30137,1
30139,1
30140,1
30141,2
30142,1
30143,2
30144,1
30145,1
30146,3
30147,1
30148,2
30149,3
30150,0
30151,3
30152,3
30153,0
30154,3
30155,0
30156,1
30157,1
30158,2
30159,1
30160,0
30161,0
30162,1
30163,2
30164,1
30165,1
30166,2
30168,3
30169,1
30170,3
30171,1
30172,1
30173,1
30175,0
30176,2
30177,0
30178,1
30179,3
30180,2
30182,0
30183,1
30184,0
30185,3
30186,3
30187,1
30188,1
30189,1
30190,1
30191,3
30192,2
30193,2
30194,0
30195,1
30196,2
30197,2
30198,1
30199,1
30200,0
30201,1
30202,2
30203,1
30204,1
30205,1
30206,1
30207,1
30208,3
30209,2
30210,1
30211,2
30212,1
30213,1
30214,2
30215,1
30216,1
30217,1
30218,1
30219,1
30220,1
30221,0
30224,2
30225,2
30226,1
30227,0
30228,1
30229,1
30230,1
30231,2
30232,1
30233,1
30234,1
30235,1
30236,3
30237,3
30238,2
30240,3
30241,1
30242,1
30243,1
30244,2
30245,1
30246,1
30247,3
30248,2
30250,1
30251,1
30252,2
30253,1
30254,2
30255,0
30256,2
30257,0
30259,3
30260,1
30261,2
30262,3
30263,2
30264,1
30265,3
30266,2
30267,2
30268,3
30269,1
30270,0
30271,1
30272,1
30273,0
30274,2
30275,2
30276,2
30277,2
30278,1
30280,3
30281,3
30282,1
30283,3
30284,3
30285,1
30286,1
30287,0
30288,1
30289,1
30290,3
30291,3
30292,2
30293,2
30294,1
30295,0
30296,1
30297,1
30298,3
30299,0
30300,3
30301,3
